id,key,udi,name,title,orderID,hidden,published,hasPublishedVersion,createDate,updateDate,publishDate,releaseDate,removeDate,ownerName,ownerId,updaterName,updaterId,urls,statsEntryCount,statsPlayCount,statsNonPlayCount,firstStatAt,lastStatAt,videoID,videoStatus,videoThumbnailURL,videoDownloadURL,thumbnail,thumbnailCrops,thumbnailWide,thumbnailHigh,year,length,rentalPrice,purchasePrice,tags,description,access,code,metaDescription,metaTitle,type,rawFile,openWebContentInNewWindows,trailer,openWebContentFromList,webContentURL,videoSize,productLink,expandedDescription,production,productionLink,badge,hidePlay,hideDownload,siteMapOption
"7010","4ece8d2b-99e9-4417-b624-320c4907671c","umb://document/4ece8d2b99e94417b624320c4907671c","Uffe Holm InstaChamp","Uffe Holm InstaChamp ","0","0","true","true","2020-03-31 17:21:13","2024-01-13 18:34:38","","","","","","","","[""/uffe-holm/shows/uffe-holm-instachamp/""]","","","","","","7e5ff923a2be034ca6af200364025268","ready","https://videodelivery.net/7e5ff923a2be034ca6af200364025268/thumbnails/thumbnail.jpg","https://videodelivery.net/7e5ff923a2be034ca6af200364025268/downloads/default.mp4","/media/1696/instachamp_cover_650x1030.jpg","[{""alias"":""Wide"",""width"":1920,""height"":1080,""url"":""/media/1696/instachamp_cover_650x1030.jpg?crop=Wide""},{""alias"":""High"",""width"":650,""height"":920,""url"":""/media/1696/instachamp_cover_650x1030.jpg?crop=High""}]","/media/1696/instachamp_cover_650x1030.jpg?crop=Wide","/media/1696/instachamp_cover_650x1030.jpg?crop=High","2019","90","49","99","Stand-up,Comedy,Uffe Holm,InstaChamp","<h2>Stream Uffe Holms InstaChamp - lej eller køb online</h2>
Uffe Holm er tilbage med et nyt Stand-up show i 2019. Og det kan man godt glæde sig til! 
Med en voldsomt populær profil på de sociale medier, har Uffe markeret sig som en af Danmarks største på Instagram. 
Uffe er kendt for at stikke næsen frem, og når man gør det, bliver man indimellem kørt midtover.  F.eks har det betydet at Uffe nu nærmest har cykelhjelm på 24/7.
Med InstaChamp vil du blive vældig underholdt med Uffes liv på de sociale medier – og der er nok at tale om. Og der er noget for enhver – hvad enten du tilhører youtube generationen eller bruger mere tid på dramaserier på TV. Den berømte ytringsfrihed bliver også behandlet undervejs, når Uffe tager fat i alle de trolls der sidder bag skærmen og gemmer sig og har et sygt behov for at sige deres mening. Om alt. Hele tiden.
Og hvad med Holly?
Holly slipper man ikke for – dog bliver gensynet med Holly ikke et live act – hun går allerede i seng kl 20, men skærmtrolden har forberedt en del til underholdningen.
Hvordan kan en lille pige kan sprede så meget glæde, og hvorfor er det så uendeligt vigtigt at gøre gode gerninger? Uffe vil fodre dig med idéer så du går derfra som en anden Johannes –døberen.
Kort sagt kan du glæde dig til et festfyrværkeri af et stand-up show, som vil tage din humor op i de højere luftlag. Årets mandagsboost kunne man kalde det. Men det gør vi ikke. Vi kalder det InstaChamp. 
InstaChamp er showet som du ikke kommer udenom. Eller – jo det gør du måske nok, men det bliver bare ikke nær så sjovt hvis du misser det.

Optaget Live i Bremen 25. maj 2019","[""58""]","","","","[""73""]","","0","","0","","1909882986","","","","","Se her","0","0",""
"1891","07fa0220-7984-47bc-84ea-6a587a8c8279","umb://document/07fa0220798447bc84ea6a587a8c8279","CHAMP med Uffe Holm","CHAMP med Uffe Holm","1","0","true","true","2019-07-22 20:06:36","2024-01-13 19:39:26","","","","","","","","[""/uffe-holm/shows/champ-med-uffe-holm/""]","","","","","","dedefc990dfbad47edf180071b080f27","ready","https://cloudflarestream.com/dedefc990dfbad47edf180071b080f27/thumbnails/thumb_5_0.jpg","https://videodelivery.net/dedefc990dfbad47edf180071b080f27/downloads/default.mp4","/media/1227/uffe-champ.png","[{""alias"":""Wide"",""width"":1920,""height"":1080,""url"":""/media/1227/uffe-champ.png?crop=Wide""},{""alias"":""High"",""width"":650,""height"":920,""url"":""/media/1227/uffe-champ.png?crop=High""}]","/media/1227/uffe-champ.png?crop=Wide","/media/1227/uffe-champ.png?crop=High","2016","75","29","39","Comedy,Stand-up,Uffe Holm","<h2>Stream Uffe Holms CHAMP - lej eller køb online</h2>
CHAMP [t∫æmp] Oprindelig en forkortelse for Champion Betydning: MESTER
‘Live fra København, juni 2016’

Så er Uffe Holm trukket i arbejdstøjet og er klar til at gi’ dig endnu et hæsblæsende one man show for fuld smadder. Cirkusjakken er hængt i skabet og danseskoene er sendt retur, så nu får du Uffe Holm i sit eget jeg – med en mikrofon og en masse forskellige ord der tilsammen giver mening og garanteret mavekramper. CHAMP er titlen på Uffe Holms seneste one man show – og beskriver ret præcist, hvad vi har med at gøre. En mester ud i standup genren, med sit helt eget take på den disciplin. Der er kun én Champ – én Uffe Holm, og du kan nu læne dig tilbage og i ro og mag se eller gense det show som han turnerede med i foråret 2016. Og det bedste af det hele? Du kan lægge alle bekymringer om flygtninge, klimaforandringer, arbejdsløshed og finanskriser på hylden, for Champen har et mål: at du bare skal grine dig igennem det hele. Det er syvende gang Uffe Holm præsenterer et one man show, og med en erfaring der går tilbage til 1994, kan vi godt love at du trygt og roligt kan lade ham tage styringen. Sædevarme er unødvendigt, men vi kan ikke udelukke at du pisser i dine bukser når alverdens sager bliver taget under kærlig behandling.","[""58""]","","","","[""73""]","","0","","0","","1984326117","","","","","","0","0",""
"1890","dd6b6775-483f-42a7-9549-808876b06070","umb://document/dd6b6775483f42a79549808876b06070","The Uffe Holm Show 4","The Uffe Holm Show 4","2","0","true","true","2019-07-22 19:53:20","2024-01-13 19:39:46","","","","","","","","[""/uffe-holm/shows/the-uffe-holm-show-4/""]","","","","","","9bd534afd1542b8dad4c87704a424c77","ready","https://cloudflarestream.com/9bd534afd1542b8dad4c87704a424c77/thumbnails/thumb_5_0.jpg","https://videodelivery.net/9bd534afd1542b8dad4c87704a424c77/downloads/default.mp4","/media/1228/uffe-show4.png","[{""alias"":""Wide"",""width"":1920,""height"":1080,""url"":""/media/1228/uffe-show4.png?crop=Wide""},{""alias"":""High"",""width"":650,""height"":920,""url"":""/media/1228/uffe-show4.png?crop=High""}]","/media/1228/uffe-show4.png?crop=Wide","/media/1228/uffe-show4.png?crop=High","2014","97","29","39","Comedy,Stand-up,Uffe Holm","<h2>Stream The Uffe Holm Show 4 - lej eller køb online</h2>
Uffe Holm tournerede landet rundt med sit oneman-show THE UFFE HOLM SHOW 4, i foråret 2014. Efter en udsolgt danmarkstourne var Champen tilbage i København. Den 23. Maj 2014 blev kameraerne sat op i det stemningsfyldte Bremen teater og med 630 veloplagte publikummer og en CHamp i storform blev dette show foreviget. Showet viser Uffe Holm når han er bedst. Det er standup i sin reneste form, et velskrevet og skarpt show uden en masse indpakning og bagtanker. Det hele er bare for sjov, og sjovt er det at se Champen gå i krig med det, vi alle sammen tænker, men ikke tør sige højt. Se showet – og om 97 minutter kan du få regnestykket til at gå op: 100% Champ + 100% Standup = 200% Sjov. THE UFFE HOLM SHOW 4 er Uffes sjette oneman-show.
Live fra Bremen, København Udgivet 2014","[""58""]","","","","[""73""]","","0","","0","","1959308125","","","","","","0","0",""
"1892","9f6dc121-b3cc-4743-8330-6955db6c919e","umb://document/9f6dc121b3cc474383306955db6c919e","Uffe Holm med UFORBEDERLIG?","Uffe Holm med UFORBEDERLIG?","3","0","true","true","2019-07-22 23:03:06","2024-01-13 19:41:39","","","","","","","","[""/uffe-holm/shows/uffe-holm-med-uforbederlig/""]","","","","","","35fa0230988edf2ba88257239f72d738","ready","https://cloudflarestream.com/35fa0230988edf2ba88257239f72d738/thumbnails/thumb_5_0.jpg","https://videodelivery.net/35fa0230988edf2ba88257239f72d738/downloads/default.mp4","/media/1226/uffe-uforbederlig.png","[{""alias"":""Wide"",""width"":1920,""height"":1080,""url"":""/media/1226/uffe-uforbederlig.png?crop=Wide""},{""alias"":""High"",""width"":650,""height"":920,""url"":""/media/1226/uffe-uforbederlig.png?crop=High""}]","/media/1226/uffe-uforbederlig.png?crop=Wide","/media/1226/uffe-uforbederlig.png?crop=High","2011","95","29","39","Comedy,Stand-up,Uffe Holm","<h2>Stream Uffe Holm med UFORBEDRERLIG? - lej eller køb online</h2>
Champen er tilbage med sit femte one-man show. Det er halvanden times stand up som leveres med en sådan fart og timing at man skal holde tungen lige i munden for at følge med. Og så er det spækket med punchlines den rammer dybt ind i lattermusklerne!
Live fra København Udgivet 2010","[""58""]","","","","[""73""]","","0","","0","","1966747292","","","","","","0","0",""
"1889","db79b913-9572-490e-a97c-6fe37df94b06","umb://document/db79b9139572490ea97c6fe37df94b06","The Uffe Holm Show 3","The Uffe Holm Show 3","4","0","true","true","2019-07-22 19:42:59","2024-01-13 19:42:35","","","","","","","","[""/uffe-holm/shows/the-uffe-holm-show-3/""]","","","","","","39e43f2ea6dfbeb8aef24248f68a4c4f","ready","https://cloudflarestream.com/39e43f2ea6dfbeb8aef24248f68a4c4f/thumbnails/thumb_5_0.jpg","https://videodelivery.net/39e43f2ea6dfbeb8aef24248f68a4c4f/downloads/default.mp4","/media/1229/uffe-show3.png","[{""alias"":""Wide"",""width"":1920,""height"":1080,""url"":""/media/1229/uffe-show3.png?crop=Wide""},{""alias"":""High"",""width"":650,""height"":920,""url"":""/media/1229/uffe-show3.png?crop=High""}]","/media/1229/uffe-show3.png?crop=Wide","/media/1229/uffe-show3.png?crop=High","2009","90","29","39","Stand-up,Uffe Holm,Comedy","<h2>Stream The Uffe Holm Show 3 - lej eller køb online</h2>
Showet er som sædvanlig blottet for politiske budskaber og diskussioner om den globale opvarmning. Og man skal nok heller ikke forvente at Champen vil stå i spidsen for at redde en masse panda’er. Til gengæld kan man glæde sig til ca. 90 minutters direkte og ærlig comedy, hvor Uffe, kun i selskab med sin mikrofon, vil underholde med hverdagens betragtninger, leveret på en måde kun én mand kan komme afsted med.
Live fra Svendborg Teater Udgivet: 2009.","[""58""]","","","","[""73""]","","0","","0","","1973678836","","","","","","0","0",""
"3263","da18ab59-1af5-4aa5-8c9d-7adcc020271e","umb://document/da18ab591af54aa58c9d7adcc020271e","Uffe Holm InstaChamp (mov)","Uffe Holm InstaChamp (mov)","5","1","true","true","2020-03-19 11:24:46","2022-03-08 22:22:32","","","","","","","","[""/uffe-holm/shows/uffe-holm-instachamp-mov/""]","","","","","","057f56b4259ef9524bf2331dbf588a98","ready","https://videodelivery.net/057f56b4259ef9524bf2331dbf588a98/thumbnails/thumbnail.jpg","https://videodelivery.net/057f56b4259ef9524bf2331dbf588a98/downloads/default.mp4","/media/1621/instachamp_cover_650x1030.jpg","[{""alias"":""Wide"",""width"":1920,""height"":1080,""url"":""/media/1621/instachamp_cover_650x1030.jpg?crop=Wide""},{""alias"":""High"",""width"":650,""height"":920,""url"":""/media/1621/instachamp_cover_650x1030.jpg?crop=High""}]","/media/1621/instachamp_cover_650x1030.jpg?crop=Wide","/media/1621/instachamp_cover_650x1030.jpg?crop=High","2019","90","49","99","Stand-up,Comedy,Uffe Holm","Uffe Holm er tilbage med et nyt Stand-up show i 2019. Og det kan man godt glæde sig til! 
Med en voldsomt populær profil på de sociale medier, har Uffe markeret sig som en af Danmarks største på Instagram. 
Uffe er kendt for at stikke næsen frem, og når man gør det, bliver man indimellem kørt midtover.  F.eks har det betydet at Uffe nu nærmest har cykelhjelm på 24/7.
Med InstaChamp vil du blive vældig underholdt med Uffes liv på de sociale medier – og der er nok at tale om. Og der er noget for enhver – hvad enten du tilhører youtube generationen eller bruger mere tid på dramaserier på TV. Den berømte ytringsfrihed bliver også behandlet undervejs, når Uffe tager fat i alle de trolls der sidder bag skærmen og gemmer sig og har et sygt behov for at sige deres mening. Om alt. Hele tiden.
Og hvad med Holly?
Holly slipper man ikke for – dog bliver gensynet med Holly ikke et live act – hun går allerede i seng kl 20, men skærmtrolden har forberedt en del til underholdningen.
Hvordan kan en lille pige kan sprede så meget glæde, og hvorfor er det så uendeligt vigtigt at gøre gode gerninger? Uffe vil fodre dig med idéer så du går derfra som en anden Johannes –døberen.
Kort sagt kan du glæde dig til et festfyrværkeri af et stand-up show, som vil tage din humor op i de højere luftlag. Årets mandagsboost kunne man kalde det. Men det gør vi ikke. Vi kalder det InstaChamp. 
InstaChamp er showet som du ikke kommer udenom. Eller – jo det gør du måske nok, men det bliver bare ikke nær så sjovt hvis du misser det.
Optaget Live i Bremen 25. maj 2019","[""58""]","","","","[""73""]","","0","","0","","1909864947","","","","","Nyhed","0","0",""
