id,key,udi,name,contentTypeAlias,published,hasPublishedVersion,createDate,updateDate,parentId,sortOrder,urls,isPlay,media,uID
128038,2ab1a0d5-143d-4d22-a84b-a71d61ca432b,umb://document/2ab1a0d5143d4d22a84ba71d61ca432b,205f71dc7a244495a229b2626e9c89c5,statsEntry,true,true,2026-08-23 14:34:53,2026-08-23 14:34:53,126040,111,,0,umb://document/688853b0f77046e49afa81704187150b,
128037,acf745c2-6820-4274-bf7f-289653728dda,umb://document/acf745c268204274bf7f289653728dda,10b7caf12ec344e3ad59cb98bf58c6ad,statsEntry,true,true,2026-08-23 11:36:59,2026-08-23 11:36:59,126040,110,,0,umb://document/688853b0f77046e49afa81704187150b,
128030,9e4924c1-5450-439c-bfa0-e0f116563677,umb://document/9e4924c15450439cbfa0e0f116563677,aab8e1faec5f47c48fd09c982f56dc51,statsEntry,true,true,2026-08-22 17:02:49,2026-08-22 17:02:49,126040,109,,0,umb://document/688853b0f77046e49afa81704187150b,
128029,55fe2a3a-e683-473d-a49e-d048f81f4c8f,umb://document/55fe2a3ae683473da49ed048f81f4c8f,2b2ef2f99ecf4aabb00838e179e213da,statsEntry,true,true,2026-08-22 16:56:11,2026-08-22 16:56:11,126040,108,,0,umb://document/77159a25287e4fda9e685ae7b1d7ad03,
128028,812db4a0-7499-49f6-bcec-e9650c5a29a7,umb://document/812db4a0749949f6bcece9650c5a29a7,e4e66ddf2729454ba1546a852168177d,statsEntry,true,true,2026-08-22 16:50:31,2026-08-22 16:50:31,126040,107,,0,umb://document/688853b0f77046e49afa81704187150b,
128027,477cd5c4-7913-4f3b-bd13-33f746e9b212,umb://document/477cd5c479134f3bbd1333f746e9b212,e044df8d39084beb81d733efa4c7012a,statsEntry,true,true,2026-08-22 16:50:29,2026-08-22 16:50:29,126040,106,,0,umb://document/688853b0f77046e49afa81704187150b,
128026,bff9132e-ee3f-4b61-89d3-11e40def6558,umb://document/bff9132eee3f4b6189d311e40def6558,fde9e16edb924dd09eae9d0e56992f65,statsEntry,true,true,2026-08-22 16:50:28,2026-08-22 16:50:28,126040,105,,0,umb://document/688853b0f77046e49afa81704187150b,
128025,8e80b3ba-9f71-4401-ad05-79be0b1c00f9,umb://document/8e80b3ba9f714401ad0579be0b1c00f9,12160d222f56491c91983a60e5bcd358,statsEntry,true,true,2026-08-22 16:50:26,2026-08-22 16:50:26,126040,104,,0,umb://document/688853b0f77046e49afa81704187150b,
128024,ab1103d8-6cd4-48d4-9385-eceb450ae2ca,umb://document/ab1103d86cd448d49385eceb450ae2ca,3ebd485030ac4adabb89dcdf17585246,statsEntry,true,true,2026-08-22 16:50:25,2026-08-22 16:50:25,126040,103,,0,umb://document/688853b0f77046e49afa81704187150b,
128023,a2ff99b1-c9ee-4897-9d3a-b4c26bb03809,umb://document/a2ff99b1c9ee48979d3ab4c26bb03809,bf57d7cf1d654a1fb351325d42f7b1d3,statsEntry,true,true,2026-08-22 16:50:23,2026-08-22 16:50:23,126040,102,,0,umb://document/688853b0f77046e49afa81704187150b,
128022,715cefa8-d300-4324-b276-d7a23dea793e,umb://document/715cefa8d3004324b276d7a23dea793e,7d32fca52c304114b8237397fb3d2ed2,statsEntry,true,true,2026-08-22 16:48:56,2026-08-22 16:48:56,126040,101,,0,umb://document/688853b0f77046e49afa81704187150b,
128018,582e5269-89f6-49c1-9c19-3aab91871754,umb://document/582e526989f649c19c193aab91871754,654aea00a1a44744bda6767ee2e56251,statsEntry,true,true,2026-08-22 14:19:42,2026-08-22 14:19:42,126040,100,,0,umb://document/688853b0f77046e49afa81704187150b,
127978,377b929b-418c-46eb-94e8-a37b2bbad48e,umb://document/377b929b418c46eb94e8a37b2bbad48e,eee27d6e10b340fea9197b6f3c4ca055,statsEntry,true,true,2026-08-21 07:17:48,2026-08-21 07:17:48,126040,99,,0,umb://document/77159a25287e4fda9e685ae7b1d7ad03,
127973,ba8abf3e-1d86-4aae-9aad-3e263e2f6351,umb://document/ba8abf3e1d864aae9aad3e263e2f6351,f7794de616a54d2b8db44f1938a031fd,statsEntry,true,true,2026-08-20 18:40:37,2026-08-20 18:40:37,126040,98,,0,umb://document/77159a25287e4fda9e685ae7b1d7ad03,
127972,126363c2-85a1-4e77-be7f-70e786253ec0,umb://document/126363c285a14e77be7f70e786253ec0,210bf2306b084423893140a4f772908c,statsEntry,true,true,2026-08-20 18:35:08,2026-08-20 18:35:08,126040,97,,0,umb://document/688853b0f77046e49afa81704187150b,
127971,e0a11c59-a4b3-42f2-aa54-c540b8a12e56,umb://document/e0a11c59a4b342f2aa54c540b8a12e56,8b273e77449b469786a1c47120d2d60e,statsEntry,true,true,2026-08-20 18:33:24,2026-08-20 18:33:24,126040,96,,0,umb://document/688853b0f77046e49afa81704187150b,
127970,ec9c3cbd-b86f-488c-9914-2a2a4a9b1295,umb://document/ec9c3cbdb86f488c99142a2a4a9b1295,db928fcbc0ce4a45a86f7d8fd9d35940,statsEntry,true,true,2026-08-20 18:29:29,2026-08-20 18:29:29,126040,95,,0,umb://document/688853b0f77046e49afa81704187150b,
127966,4f839f71-5c3c-414c-a073-d9749e5c7ab8,umb://document/4f839f715c3c414ca073d9749e5c7ab8,0fa8075d7b804fb18f6a98ccc1c7f856,statsEntry,true,true,2026-08-20 18:13:09,2026-08-20 18:13:09,126040,94,,1,umb://document/55d47cf7212a4a46b3d14ec3737e5a37,
127965,8253dd5b-4bab-442b-a33b-8e3348aaa188,umb://document/8253dd5b4bab442ba33b8e3348aaa188,37e776dcd03040cf947138f6fa0febc4,statsEntry,true,true,2026-08-20 18:04:19,2026-08-20 18:04:19,126040,93,,1,umb://document/55d47cf7212a4a46b3d14ec3737e5a37,
127964,cd0da40b-d675-4b61-b480-371573b1c081,umb://document/cd0da40bd6754b61b480371573b1c081,498051669e4447fc9f517a5292bdc069,statsEntry,true,true,2026-08-20 17:47:40,2026-08-20 17:47:40,126040,92,,0,umb://document/6af2d1fcd85442ce880400cbfd691c44,
127963,35316dd3-f3dc-414a-a25b-9b1d8c4ba143,umb://document/35316dd3f3dc414aa25b9b1d8c4ba143,3e5bcbe2905140bd8dabc153de31c2e8,statsEntry,true,true,2026-08-20 17:42:15,2026-08-20 17:42:15,126040,91,,0,umb://document/77159a25287e4fda9e685ae7b1d7ad03,
127962,8fb2ae8a-929b-4a44-b39a-56ceafa6f107,umb://document/8fb2ae8a929b4a44b39a56ceafa6f107,4fecbe5eacfd4ad7a1a4df31a7843dc7,statsEntry,true,true,2026-08-20 17:20:12,2026-08-20 17:20:12,126040,90,,0,umb://document/688853b0f77046e49afa81704187150b,
127952,1223cb32-da34-41c3-b481-73f2d0dc3e7b,umb://document/1223cb32da3441c3b48173f2d0dc3e7b,81e027a0695a4c3abb23f7dba81fb013,statsEntry,true,true,2026-08-20 06:32:58,2026-08-20 06:32:58,126040,89,,0,umb://document/5f492f0b37094621af77a8a586479489,
127941,11c6ba2f-0310-4911-941e-c83ae88b52cf,umb://document/11c6ba2f03104911941ec83ae88b52cf,9e4212385094448b9d59b9369951b202,statsEntry,true,true,2026-08-19 19:27:40,2026-08-19 19:27:40,126040,88,,1,umb://document/55d47cf7212a4a46b3d14ec3737e5a37,
127940,56a25efa-ee43-4669-904e-28e67ecb7a3c,umb://document/56a25efaee434669904e28e67ecb7a3c,ae61321112c44aaaa3edef73265498dd,statsEntry,true,true,2026-08-19 19:27:35,2026-08-19 19:27:35,126040,87,,0,umb://document/6af2d1fcd85442ce880400cbfd691c44,
127939,866b7757-3b23-47be-8e09-fe7d6253078a,umb://document/866b77573b2347be8e09fe7d6253078a,a6fb22f5e4ec41bc99c63d9d485771c4,statsEntry,true,true,2026-08-19 19:27:12,2026-08-19 19:27:12,126040,86,,1,umb://document/55d47cf7212a4a46b3d14ec3737e5a37,
127938,9dd799eb-fc58-4e17-86c8-99328de149fd,umb://document/9dd799ebfc584e1786c899328de149fd,171a4bd54d2c43ce8ac814e91d329131,statsEntry,true,true,2026-08-19 19:27:06,2026-08-19 19:27:06,126040,85,,0,umb://document/5f492f0b37094621af77a8a586479489,
127937,815ed515-6b11-4378-bf8a-a1f120f85c41,umb://document/815ed5156b114378bf8aa1f120f85c41,65fea09a1bb048829bb6149e04740e02,statsEntry,true,true,2026-08-19 19:27:01,2026-08-19 19:27:01,126040,84,,0,umb://document/688853b0f77046e49afa81704187150b,
127936,633bf939-a0cb-493d-b508-3327d25451f9,umb://document/633bf939a0cb493db5083327d25451f9,1d981992866141cfabb1f23c72621c11,statsEntry,true,true,2026-08-19 19:26:56,2026-08-19 19:26:56,126040,83,,0,umb://document/77159a25287e4fda9e685ae7b1d7ad03,
127934,fa7f56cd-5955-43c4-a36d-5f00aa9a685c,umb://document/fa7f56cd595543c4a36d5f00aa9a685c,e5c8a2b78c7145fdae80a43dd3091ab2,statsEntry,true,true,2026-08-19 18:41:38,2026-08-19 18:41:38,126040,82,,1,umb://document/0a4d70a8280e4b0680d69c41ee15da64,
127933,edb3f684-258e-4a5c-9ec3-244a6d7670b2,umb://document/edb3f684258e4a5c9ec3244a6d7670b2,cc04f128935f4cd4b3ac7f1efa32720c,statsEntry,true,true,2026-08-19 18:40:36,2026-08-19 18:40:36,126040,81,,0,umb://document/6af2d1fcd85442ce880400cbfd691c44,
127932,e3b96590-2c0b-476f-84be-c1465afc2d44,umb://document/e3b965902c0b476f84bec1465afc2d44,ee61d07ddb5f421884bfedc1786b3603,statsEntry,true,true,2026-08-19 18:40:27,2026-08-19 18:40:27,126040,80,,1,umb://document/55d47cf7212a4a46b3d14ec3737e5a37,
127931,d451995b-3800-4df3-b4cc-f9e8c9281c9b,umb://document/d451995b38004df3b4ccf9e8c9281c9b,9edc2c992151427cb692a934da8bf8ba,statsEntry,true,true,2026-08-19 18:39:10,2026-08-19 18:39:10,126040,79,,0,umb://document/5f492f0b37094621af77a8a586479489,
127930,a2e7e0e3-aad1-4113-8975-983689b7f58a,umb://document/a2e7e0e3aad141138975983689b7f58a,04e684e090194657927851bae8bf6462,statsEntry,true,true,2026-08-19 18:37:54,2026-08-19 18:37:54,126040,78,,0,umb://document/688853b0f77046e49afa81704187150b,
127929,554bc510-14ba-4d44-b1e8-70885322c09b,umb://document/554bc51014ba4d44b1e870885322c09b,48aca0d6c92043d98463273b27e570ef,statsEntry,true,true,2026-08-19 18:37:24,2026-08-19 18:37:24,126040,77,,0,umb://document/77159a25287e4fda9e685ae7b1d7ad03,
127927,833bf237-5665-41a2-a5c0-16baebf41f66,umb://document/833bf237566541a2a5c016baebf41f66,29bc5e9e21814ea2a9ae097d090bc111,statsEntry,true,true,2026-08-19 15:12:12,2026-08-19 15:12:12,126040,76,,1,umb://document/0a4d70a8280e4b0680d69c41ee15da64,
127926,ed7c6e9b-680b-415f-8125-7b0f3a2c7ba1,umb://document/ed7c6e9b680b415f81257b0f3a2c7ba1,9914b21bae604c5bb528f94a3a0a36a3,statsEntry,true,true,2026-08-19 15:10:10,2026-08-19 15:10:10,126040,75,,1,umb://document/0a4d70a8280e4b0680d69c41ee15da64,
127925,198e4cad-2500-4058-a86d-0ffb80f0b03b,umb://document/198e4cad25004058a86d0ffb80f0b03b,8c2f85392ad84ba6a637d14ed29bd2f1,statsEntry,true,true,2026-08-19 15:09:21,2026-08-19 15:09:21,126040,74,,1,umb://document/0a4d70a8280e4b0680d69c41ee15da64,
127924,ca70100c-47b3-490d-be95-40c9ffa5028f,umb://document/ca70100c47b3490dbe9540c9ffa5028f,e625411de8a1465d8fe12f13c3524641,statsEntry,true,true,2026-08-19 15:08:14,2026-08-19 15:08:14,126040,73,,0,umb://document/6af2d1fcd85442ce880400cbfd691c44,
127923,b3aef427-88e3-4cd3-b1e3-ec9717c78a28,umb://document/b3aef42788e34cd3b1e3ec9717c78a28,2adfb0fa80e34ac3bc141dd279ce8def,statsEntry,true,true,2026-08-19 15:07:55,2026-08-19 15:07:55,126040,72,,1,umb://document/55d47cf7212a4a46b3d14ec3737e5a37,
127922,97d9583a-0ba9-40bd-a45b-ec72804f72c8,umb://document/97d9583a0ba940bda45bec72804f72c8,e5597c077daa4fec8deddd497b922073,statsEntry,true,true,2026-08-19 15:02:45,2026-08-19 15:02:45,126040,71,,1,umb://document/55d47cf7212a4a46b3d14ec3737e5a37,
127921,bbd60d44-67f2-4d82-aec9-2e5eff065789,umb://document/bbd60d4467f24d82aec92e5eff065789,a0e8b0010b604fc4a256d1f89f6dbc3d,statsEntry,true,true,2026-08-19 15:02:17,2026-08-19 15:02:17,126040,70,,1,umb://document/55d47cf7212a4a46b3d14ec3737e5a37,
127920,606bfd97-a0f5-4484-8454-ab8026c79f88,umb://document/606bfd97a0f544848454ab8026c79f88,3c16660a66114c94b4849088b833eb96,statsEntry,true,true,2026-08-19 14:59:03,2026-08-19 14:59:03,126040,69,,0,umb://document/5f492f0b37094621af77a8a586479489,
127919,a92e86c8-7c9b-496c-aa90-ea28312b6dd3,umb://document/a92e86c87c9b496caa90ea28312b6dd3,e73ad2228f26484fab247e184e890b27,statsEntry,true,true,2026-08-19 14:54:53,2026-08-19 14:54:53,126040,68,,0,umb://document/688853b0f77046e49afa81704187150b,
127918,3985987d-4a2b-4bf2-92c5-9c62d254c454,umb://document/3985987d4a2b4bf292c59c62d254c454,86df51b7d7184f4ca76c38752587a2a7,statsEntry,true,true,2026-08-19 14:52:15,2026-08-19 14:52:15,126040,67,,0,umb://document/77159a25287e4fda9e685ae7b1d7ad03,
127895,75b02a94-7df4-4dd7-ab22-d4c26872830a,umb://document/75b02a947df44dd7ab22d4c26872830a,c0a246f6936d4297a012632c0e784fc3,statsEntry,true,true,2026-08-18 20:34:14,2026-08-18 20:34:14,126040,66,,0,umb://document/688853b0f77046e49afa81704187150b,
127881,98d481cc-7e47-4762-872e-62da50db18c5,umb://document/98d481cc7e474762872e62da50db18c5,30d342dc76bf41f88525032feead163a,statsEntry,true,true,2026-08-18 07:55:15,2026-08-18 07:55:15,126040,65,,0,umb://document/5f492f0b37094621af77a8a586479489,
127880,05d120a2-7b2d-4eb9-8d6f-9a07cdc31a0d,umb://document/05d120a27b2d4eb98d6f9a07cdc31a0d,45a007fd02c24a7ebccb3a97d32aeee8,statsEntry,true,true,2026-08-18 07:26:34,2026-08-18 07:26:34,126040,64,,0,umb://document/6af2d1fcd85442ce880400cbfd691c44,
127879,026bea00-a8f9-40b0-88e2-0662c5ebfa9a,umb://document/026bea00a8f940b088e20662c5ebfa9a,6336964580a845688c52cb0281470b06,statsEntry,true,true,2026-08-18 07:25:08,2026-08-18 07:25:08,126040,63,,1,umb://document/55d47cf7212a4a46b3d14ec3737e5a37,
127860,f4e9e0ca-4f94-468f-8c45-ec316f430d6e,umb://document/f4e9e0ca4f94468f8c45ec316f430d6e,204ab8ae46f9432fbe628174154bd9d1,statsEntry,true,true,2026-08-17 13:50:03,2026-08-17 13:50:03,126040,62,,0,umb://document/6af2d1fcd85442ce880400cbfd691c44,
127858,8994ba1e-ab41-4813-bf6c-32954a152766,umb://document/8994ba1eab414813bf6c32954a152766,cd492d4363cc4eb181bbc84fd80dfdd4,statsEntry,true,true,2026-08-17 12:14:39,2026-08-17 12:14:39,126040,61,,0,umb://document/6af2d1fcd85442ce880400cbfd691c44,
127857,0b800f56-06d7-4673-b28a-84a5e9821cd2,umb://document/0b800f5606d74673b28a84a5e9821cd2,7bdc8b8238984a99ab5dd41414d6a33e,statsEntry,true,true,2026-08-17 11:12:18,2026-08-17 11:12:18,126040,60,,0,umb://document/77159a25287e4fda9e685ae7b1d7ad03,
127856,5a32e0a2-3c13-4477-9967-acbcfadafef4,umb://document/5a32e0a23c1344779967acbcfadafef4,062c39136c9f44b6af75ee7c9115ee13,statsEntry,true,true,2026-08-17 11:10:55,2026-08-17 11:10:55,126040,59,,0,umb://document/77159a25287e4fda9e685ae7b1d7ad03,
127855,1c7ee709-0bd3-40d7-bfd4-2bc103421b4a,umb://document/1c7ee7090bd340d7bfd42bc103421b4a,a8be6373a678414fbb87e72984c0195d,statsEntry,true,true,2026-08-17 11:08:24,2026-08-17 11:08:24,126040,58,,1,umb://document/0a4d70a8280e4b0680d69c41ee15da64,
127854,f212d955-7259-4f0b-a3b5-6c44aef1ae85,umb://document/f212d95572594f0ba3b56c44aef1ae85,c1a2a1d0fb9d45fc9f0e995b0c71d782,statsEntry,true,true,2026-08-17 11:07:53,2026-08-17 11:07:53,126040,57,,1,umb://document/55d47cf7212a4a46b3d14ec3737e5a37,
127853,5ab3c651-1146-4128-a3b1-260873a081fd,umb://document/5ab3c65111464128a3b1260873a081fd,76a2ef76f3fe470284474866d1370989,statsEntry,true,true,2026-08-17 11:06:27,2026-08-17 11:06:27,126040,56,,0,umb://document/5f492f0b37094621af77a8a586479489,
127852,a7d85595-d751-4462-a809-95e7961cda04,umb://document/a7d85595d7514462a80995e7961cda04,58717a297749487e8859346e870a33b4,statsEntry,true,true,2026-08-17 11:05:15,2026-08-17 11:05:15,126040,55,,0,umb://document/5f492f0b37094621af77a8a586479489,
127851,94c73c23-f403-4f14-8caf-b91e47f64f65,umb://document/94c73c23f4034f148cafb91e47f64f65,4d70cb57018246a79218132e4fbb28cc,statsEntry,true,true,2026-08-17 11:04:02,2026-08-17 11:04:02,126040,54,,0,umb://document/5f492f0b37094621af77a8a586479489,
127850,9d549dd9-a233-40bc-88e0-c47b1e40368a,umb://document/9d549dd9a23340bc88e0c47b1e40368a,5f76d537766d492aa481a515d29de3c5,statsEntry,true,true,2026-08-17 11:03:05,2026-08-17 11:03:05,126040,53,,0,umb://document/5f492f0b37094621af77a8a586479489,
127849,0cb2f176-4a2b-4c40-ad35-9da706543de8,umb://document/0cb2f1764a2b4c40ad359da706543de8,ccc9d64c7120446f87834d6b3db38327,statsEntry,true,true,2026-08-17 10:40:07,2026-08-17 10:40:07,126040,52,,0,umb://document/688853b0f77046e49afa81704187150b,
127848,53d1b2ce-128c-4298-8b1b-8172f40717df,umb://document/53d1b2ce128c42988b1b8172f40717df,89b5d43eab3c4114bf91003b583ed9c6,statsEntry,true,true,2026-08-17 10:33:17,2026-08-17 10:33:17,126040,51,,0,umb://document/688853b0f77046e49afa81704187150b,
127847,8fce0994-1a78-42d1-82f8-6fc03f4db746,umb://document/8fce09941a7842d182f86fc03f4db746,75ac622d31df46e79e173e5221b81aef,statsEntry,true,true,2026-08-17 10:31:08,2026-08-17 10:31:08,126040,50,,0,umb://document/688853b0f77046e49afa81704187150b,
127844,8507b5aa-ca86-4ba8-8df8-271852c773f3,umb://document/8507b5aaca864ba88df8271852c773f3,7c566c91d2f643108a1d031bb8f5c8b6,statsEntry,true,true,2026-08-17 08:33:57,2026-08-17 08:33:57,126040,49,,0,umb://document/688853b0f77046e49afa81704187150b,
127843,9fef975b-83ad-48ed-bb87-d53c5a7c7ebd,umb://document/9fef975b83ad48edbb87d53c5a7c7ebd,aa62097d36604ba4b5515f54a1528da9,statsEntry,true,true,2026-08-17 08:00:44,2026-08-17 08:00:44,126040,48,,0,umb://document/77159a25287e4fda9e685ae7b1d7ad03,
127839,83b14524-9c01-4f79-9823-6ccd772ad418,umb://document/83b145249c014f7998236ccd772ad418,6b5c531fd45a4b74b2f1106af6a8c6f1,statsEntry,true,true,2026-08-16 20:58:55,2026-08-16 20:58:55,126040,47,,0,umb://document/5f492f0b37094621af77a8a586479489,
127831,7a87e592-d0ae-48b7-8422-0dd5bdceb73b,umb://document/7a87e592d0ae48b784220dd5bdceb73b,fa114e0dc6074a69a59764a04567e8a4,statsEntry,true,true,2026-08-16 19:02:26,2026-08-16 19:02:26,126040,46,,0,umb://document/688853b0f77046e49afa81704187150b,
127830,e57a035a-fbac-4c0d-a802-16175a0efe60,umb://document/e57a035afbac4c0da80216175a0efe60,218e198a330c4b579929c900dfd40cbd,statsEntry,true,true,2026-08-16 18:54:10,2026-08-16 18:54:10,126040,45,,0,umb://document/688853b0f77046e49afa81704187150b,
127829,9bed4138-8264-4138-9bdb-f58242f36c57,umb://document/9bed4138826441389bdbf58242f36c57,4e5c301614bd420e9ddc26540ad10fa0,statsEntry,true,true,2026-08-16 18:51:42,2026-08-16 18:51:42,126040,44,,0,umb://document/77159a25287e4fda9e685ae7b1d7ad03,
127818,70b4ce94-719e-49b9-963d-d0553e552fc0,umb://document/70b4ce94719e49b9963dd0553e552fc0,1c7bdd9a9a63440eac2f3142da30568b,statsEntry,true,true,2026-08-16 16:01:22,2026-08-16 16:01:22,126040,43,,0,umb://document/5f492f0b37094621af77a8a586479489,
127817,700e6b77-2c7e-4587-a6a4-a794f76d0e42,umb://document/700e6b772c7e4587a6a4a794f76d0e42,536cd4f6593f42aa820f5d12421b7c58,statsEntry,true,true,2026-08-16 15:56:13,2026-08-16 15:56:13,126040,42,,1,umb://document/0a4d70a8280e4b0680d69c41ee15da64,
127816,8b4d2a66-8920-47e0-a0ac-a5370dba9cad,umb://document/8b4d2a66892047e0a0aca5370dba9cad,36623743f5464137b090730ede684f03,statsEntry,true,true,2026-08-16 15:55:40,2026-08-16 15:55:40,126040,41,,0,umb://document/6af2d1fcd85442ce880400cbfd691c44,
127815,f626d879-2ee3-4401-8158-e7dcf315754f,umb://document/f626d8792ee344018158e7dcf315754f,885a0d71b41343a9985d87dd801078d4,statsEntry,true,true,2026-08-16 15:54:40,2026-08-16 15:54:40,126040,40,,0,umb://document/5f492f0b37094621af77a8a586479489,
127814,08a34192-0600-4579-949c-1b27bd31aafa,umb://document/08a3419206004579949c1b27bd31aafa,369daf1d9d4f4ea9a58ae2368c17bae2,statsEntry,true,true,2026-08-16 15:53:24,2026-08-16 15:53:24,126040,39,,0,umb://document/6af2d1fcd85442ce880400cbfd691c44,
127813,ed00e31c-7608-4f71-96da-0910770a1a0d,umb://document/ed00e31c76084f7196da0910770a1a0d,5f45b4dc5a3d4a22a23685c7d6674c83,statsEntry,true,true,2026-08-16 15:50:58,2026-08-16 15:50:58,126040,38,,0,umb://document/6af2d1fcd85442ce880400cbfd691c44,
127812,97d08138-b1e9-4e0a-90a5-0c03f68a6f98,umb://document/97d08138b1e94e0a90a50c03f68a6f98,4057f4c1b7aa4121bfa87e14175027e5,statsEntry,true,true,2026-08-16 15:50:54,2026-08-16 15:50:54,126040,37,,1,umb://document/0a4d70a8280e4b0680d69c41ee15da64,
127811,98e0ec30-46b2-4018-9a69-7a5c72a49882,umb://document/98e0ec3046b240189a697a5c72a49882,a13a15696e9e41fe801c6e38b347be39,statsEntry,true,true,2026-08-16 15:49:39,2026-08-16 15:49:39,126040,36,,0,umb://document/6af2d1fcd85442ce880400cbfd691c44,
127810,aadd9d24-25d3-491f-a898-cdd4622bc7c3,umb://document/aadd9d2425d3491fa898cdd4622bc7c3,f46e86a876b34849846291e2acd7379d,statsEntry,true,true,2026-08-16 15:48:55,2026-08-16 15:48:55,126040,35,,1,umb://document/55d47cf7212a4a46b3d14ec3737e5a37,
127809,1e3af0a5-08ca-4de5-9de1-5a8808a8548e,umb://document/1e3af0a508ca4de59de15a8808a8548e,0b88c1ebffaf484193194d35cdf178a3,statsEntry,true,true,2026-08-16 15:40:42,2026-08-16 15:40:42,126040,34,,0,umb://document/688853b0f77046e49afa81704187150b,
127808,c904715d-8faa-4622-bd18-9c92e81e5df3,umb://document/c904715d8faa4622bd189c92e81e5df3,2e458d502faa424088b4933018469b00,statsEntry,true,true,2026-08-16 15:35:33,2026-08-16 15:35:33,126040,33,,1,umb://document/55d47cf7212a4a46b3d14ec3737e5a37,
127807,9dc335e5-dcae-4bf0-a241-dbf9f15e3b76,umb://document/9dc335e5dcae4bf0a241dbf9f15e3b76,6516aa1584bf4cfead4e953903cd58f4,statsEntry,true,true,2026-08-16 15:33:50,2026-08-16 15:33:50,126040,32,,0,umb://document/6af2d1fcd85442ce880400cbfd691c44,
127806,784a5ee5-7339-4353-af0e-58a5d6db6c1e,umb://document/784a5ee573394353af0e58a5d6db6c1e,3ce73771d5cc4783be149cbe722b69db,statsEntry,true,true,2026-08-16 15:31:09,2026-08-16 15:31:09,126040,31,,1,umb://document/55d47cf7212a4a46b3d14ec3737e5a37,
127805,0a60a483-5900-4ecd-abcc-0a8f127288b9,umb://document/0a60a48359004ecdabcc0a8f127288b9,be7cff3e81d648a0a452939c62b4158f,statsEntry,true,true,2026-08-16 15:30:59,2026-08-16 15:30:59,126040,30,,0,umb://document/6af2d1fcd85442ce880400cbfd691c44,
127804,387f1d01-5c10-488a-a48b-b4cf79c00a17,umb://document/387f1d015c10488aa48bb4cf79c00a17,a8ed7d256f4e46e9b7102360871dc96c,statsEntry,true,true,2026-08-16 14:56:58,2026-08-16 14:56:58,126040,29,,1,umb://document/55d47cf7212a4a46b3d14ec3737e5a37,
127803,23f8420f-07b9-430f-bd7a-11b68dbbb19b,umb://document/23f8420f07b9430fbd7a11b68dbbb19b,abc19f0f96cc452895f001f6027969f9,statsEntry,true,true,2026-08-16 14:56:42,2026-08-16 14:56:42,126040,28,,0,umb://document/77159a25287e4fda9e685ae7b1d7ad03,
127802,7adcd8ed-44b0-47c5-a13d-c36ed5112ffa,umb://document/7adcd8ed44b047c5a13dc36ed5112ffa,a1b7c7a01b674009b9144ed300dbf3c5,statsEntry,true,true,2026-08-16 14:56:25,2026-08-16 14:56:25,126040,27,,0,umb://document/5f492f0b37094621af77a8a586479489,
127801,e35344ed-3fd0-48a3-b97e-62378d5f176c,umb://document/e35344ed3fd048a3b97e62378d5f176c,6aeb37e388ed4866873222ab0a74ce68,statsEntry,true,true,2026-08-16 14:56:11,2026-08-16 14:56:11,126040,26,,0,umb://document/688853b0f77046e49afa81704187150b,
127797,540ac28f-bd93-4116-a31e-1802285e8880,umb://document/540ac28fbd934116a31e1802285e8880,c5371efdbdc948ab8aa0e279c3f96c55,statsEntry,true,true,2026-08-16 14:25:55,2026-08-16 14:25:55,126040,25,,0,umb://document/77159a25287e4fda9e685ae7b1d7ad03,
127796,6800d19c-6589-4c31-aabc-2715de7ab66f,umb://document/6800d19c65894c31aabc2715de7ab66f,e45d8c457389430cbb362234c6deef72,statsEntry,true,true,2026-08-16 13:44:06,2026-08-16 13:44:06,126040,24,,0,umb://document/77159a25287e4fda9e685ae7b1d7ad03,
127795,8c4ad43b-ca48-4caf-975b-94224372ecf1,umb://document/8c4ad43bca484caf975b94224372ecf1,e39d8a8ea84f443a91b999a58d10c033,statsEntry,true,true,2026-08-16 13:19:34,2026-08-16 13:19:34,126040,23,,0,umb://document/5f492f0b37094621af77a8a586479489,
127794,f94e8bb0-76aa-4686-885a-91275fe44de0,umb://document/f94e8bb076aa4686885a91275fe44de0,c9284dc0ba804036b1fa02a3d8f866f0,statsEntry,true,true,2026-08-16 13:14:58,2026-08-16 13:14:58,126040,22,,0,umb://document/688853b0f77046e49afa81704187150b,
127793,9fce7711-67ce-4515-bff5-e3987558003b,umb://document/9fce771167ce4515bff5e3987558003b,0fd0081107e74222ae6ed2ad750adc19,statsEntry,true,true,2026-08-16 13:10:28,2026-08-16 13:10:28,126040,21,,1,umb://document/0a4d70a8280e4b0680d69c41ee15da64,
127792,9d80e119-4b24-40aa-8243-59a909532205,umb://document/9d80e1194b2440aa824359a909532205,db1d387b640743d39a33382f31ea15f2,statsEntry,true,true,2026-08-16 13:10:08,2026-08-16 13:10:08,126040,20,,1,umb://document/55d47cf7212a4a46b3d14ec3737e5a37,
127791,f8971760-c70f-472d-b1e9-dfded993bb90,umb://document/f8971760c70f472db1e9dfded993bb90,39d349aa67984606af5c47709b1a7a49,statsEntry,true,true,2026-08-16 13:08:39,2026-08-16 13:08:39,126040,19,,0,umb://document/5f492f0b37094621af77a8a586479489,
127790,aeef5284-633e-4cbe-b1bf-fc5370d9d1e6,umb://document/aeef5284633e4cbeb1bffc5370d9d1e6,04276b5ce46d4bb0a6eb720bc1c6f5ce,statsEntry,true,true,2026-08-16 13:08:04,2026-08-16 13:08:04,126040,18,,0,umb://document/688853b0f77046e49afa81704187150b,
127789,226cfe4e-9163-4fe6-83fd-91eee43e8a79,umb://document/226cfe4e91634fe683fd91eee43e8a79,30337e916ba74957a43ab1154c69f810,statsEntry,true,true,2026-08-16 13:07:36,2026-08-16 13:07:36,126040,17,,0,umb://document/77159a25287e4fda9e685ae7b1d7ad03,
127788,11128acb-bdcb-4027-9d3d-dc2e2ae876ca,umb://document/11128acbbdcb40279d3ddc2e2ae876ca,5f347ce365c74058b7bd0035b4dddacf,statsEntry,true,true,2026-08-16 13:02:48,2026-08-16 13:02:48,126040,16,,1,umb://document/0a4d70a8280e4b0680d69c41ee15da64,
127787,02d14e3c-e95c-466e-b7aa-6599027089d2,umb://document/02d14e3ce95c466eb7aa6599027089d2,1d989de2fcb44194b2317a4d52cf3dc0,statsEntry,true,true,2026-08-16 12:46:39,2026-08-16 12:46:39,126040,15,,0,umb://document/6af2d1fcd85442ce880400cbfd691c44,
127786,04dedf5e-ddc1-40b5-9292-f599c60b9a0e,umb://document/04dedf5eddc140b59292f599c60b9a0e,232d50ff546d451f8f34f318e4b121c5,statsEntry,true,true,2026-08-16 12:46:18,2026-08-16 12:46:18,126040,14,,0,umb://document/6af2d1fcd85442ce880400cbfd691c44,
127785,8a66f50b-b6b2-44b4-b0c3-a18adf652820,umb://document/8a66f50bb6b244b4b0c3a18adf652820,c8ac81feaf884444826918ef1a5976cf,statsEntry,true,true,2026-08-16 12:46:15,2026-08-16 12:46:15,126040,13,,0,umb://document/6af2d1fcd85442ce880400cbfd691c44,
127784,8ade847d-fe24-4545-9184-8618be3ccee3,umb://document/8ade847dfe24454591848618be3ccee3,b29b6e78050241f38c64514f1e023764,statsEntry,true,true,2026-08-16 12:45:48,2026-08-16 12:45:48,126040,12,,1,umb://document/55d47cf7212a4a46b3d14ec3737e5a37,
127783,e38d860b-3a47-4c94-a5c5-1a757e7eb0d1,umb://document/e38d860b3a474c94a5c51a757e7eb0d1,97738d7ddd49473bbed69322d83bdd23,statsEntry,true,true,2026-08-16 12:39:47,2026-08-16 12:39:47,126040,11,,0,umb://document/688853b0f77046e49afa81704187150b,
127782,bcb34a5a-8cc7-4664-b515-2913a10a686b,umb://document/bcb34a5a8cc74664b5152913a10a686b,6c9bdb19811f4306aaf61a99cd8d5c99,statsEntry,true,true,2026-08-16 12:38:06,2026-08-16 12:38:06,126040,10,,0,umb://document/688853b0f77046e49afa81704187150b,
127781,8369debd-174c-4d9d-a8d7-696f0b175eec,umb://document/8369debd174c4d9da8d7696f0b175eec,dc1e16afb6e04e86ae33edb18ee72907,statsEntry,true,true,2026-08-16 12:38:03,2026-08-16 12:38:03,126040,9,,0,umb://document/688853b0f77046e49afa81704187150b,
127780,502fb21e-4644-4884-bc67-19fd19965af3,umb://document/502fb21e46444884bc6719fd19965af3,6c1df728589d438bbe3d9c66abee8941,statsEntry,true,true,2026-08-16 12:37:18,2026-08-16 12:37:18,126040,8,,0,umb://document/5f492f0b37094621af77a8a586479489,
127779,57b4544d-8fe0-4662-9363-920ac32e2649,umb://document/57b4544d8fe046629363920ac32e2649,1619646b08b448bbbc30c01b4c2c1f68,statsEntry,true,true,2026-08-16 12:34:15,2026-08-16 12:34:15,126040,7,,0,umb://document/77159a25287e4fda9e685ae7b1d7ad03,
127778,c917a959-92e7-451d-8d5d-9cab467ab4d4,umb://document/c917a95992e7451d8d5d9cab467ab4d4,357df68b15d8461cb254f2233ccf3f7e,statsEntry,true,true,2026-08-16 12:33:59,2026-08-16 12:33:59,126040,6,,1,umb://document/55d47cf7212a4a46b3d14ec3737e5a37,
127777,85c24a31-e151-4f29-b5a1-af1184401018,umb://document/85c24a31e1514f29b5a1af1184401018,00364c3e007c4b99bc865495acdeac7c,statsEntry,true,true,2026-08-16 12:33:38,2026-08-16 12:33:38,126040,5,,1,umb://document/0a4d70a8280e4b0680d69c41ee15da64,
127776,dd7b1b7e-50ba-44ad-aa88-6260a5c4fc54,umb://document/dd7b1b7e50ba44adaa886260a5c4fc54,59483ea6f0df4cf3825158eed640795e,statsEntry,true,true,2026-08-16 12:32:59,2026-08-16 12:32:59,126040,4,,0,umb://document/6af2d1fcd85442ce880400cbfd691c44,
127775,7c61be43-e420-49a0-a85d-217fd5cfbbc7,umb://document/7c61be43e42049a0a85d217fd5cfbbc7,38f115219aa0411d94ecaffd1e2c419e,statsEntry,true,true,2026-08-16 12:32:38,2026-08-16 12:32:38,126040,3,,0,umb://document/688853b0f77046e49afa81704187150b,
127774,25616e8f-3f86-46a8-9780-1284174d5d75,umb://document/25616e8f3f8646a897801284174d5d75,4e5cac35dc4b4691bde68fb8082a9fb8,statsEntry,true,true,2026-08-16 12:31:47,2026-08-16 12:31:47,126040,2,,1,umb://document/0a4d70a8280e4b0680d69c41ee15da64,
127773,8a3a55a8-8ce6-4daf-b42f-6a27a15337f6,umb://document/8a3a55a88ce64dafb42f6a27a15337f6,21b5ea224b3a4c74a3720edbfdbb28a4,statsEntry,true,true,2026-08-16 12:30:25,2026-08-16 12:30:25,126040,1,,0,umb://document/77159a25287e4fda9e685ae7b1d7ad03,
127769,431a789d-415e-4e2c-9138-4b15ecd28987,umb://document/431a789d415e4e2c91384b15ecd28987,cac6ff9c14bc49f78b177653e465d3dc,statsEntry,true,true,2026-08-16 09:44:43,2026-08-16 09:44:43,126040,0,,1,umb://document/0a4d70a8280e4b0680d69c41ee15da64,
