id,key,udi,name,contentTypeAlias,published,hasPublishedVersion,createDate,updateDate,parentId,sortOrder,urls,isPlay,media,uID
121564,e004a5a4-aac0-4ff8-8c3d-9758dc3557ee,umb://document/e004a5a4aac04ff88c3d9758dc3557ee,757e054a7f5042569d947b886e35e1a3,statsEntry,true,true,2026-04-25 00:49:04,2026-04-25 00:49:04,42167,194,,0,umb://document/d39770934c4243f3897cc87e7429a8b2,
121563,e0202628-146a-4be2-8c45-2458362f53b1,umb://document/e0202628146a4be28c452458362f53b1,242e964851de45cd942a496fd81a682d,statsEntry,true,true,2026-04-25 00:48:18,2026-04-25 00:48:18,42167,193,,0,umb://document/9a3617b1d91f412cac888c2c1634b78f,
121562,3ff1deb3-2fcf-4391-95b0-68770267a18c,umb://document/3ff1deb32fcf439195b068770267a18c,8ab3cf898d344974a098bfecddd46336,statsEntry,true,true,2026-04-25 00:47:29,2026-04-25 00:47:29,42167,192,,0,umb://document/84b206d69a764360a873a2b9a5a71565,
121561,bd357590-b7f8-441f-89b8-481f727fc025,umb://document/bd357590b7f8441f89b8481f727fc025,5356898a7c9e42abba72aef528c8d97e,statsEntry,true,true,2026-04-25 00:46:43,2026-04-25 00:46:43,42167,191,,0,umb://document/1640d68b0aa7448ba8ec6ba564e13a62,
121560,188eae2b-9942-447f-a14e-1ce1ba2a7d23,umb://document/188eae2b9942447fa14e1ce1ba2a7d23,b4168be02de74a68a30ef9c5f3414d88,statsEntry,true,true,2026-04-25 00:46:40,2026-04-25 00:46:40,42167,190,,0,umb://document/d39770934c4243f3897cc87e7429a8b2,
121559,16fbf08d-d2b7-4d6d-b892-179275a9011d,umb://document/16fbf08dd2b74d6db892179275a9011d,837edc8e8b0e46059be35e17962786f4,statsEntry,true,true,2026-04-25 00:46:33,2026-04-25 00:46:33,42167,189,,0,umb://document/84b206d69a764360a873a2b9a5a71565,
121558,774427a1-226d-469a-9790-e3d39610b091,umb://document/774427a1226d469a9790e3d39610b091,025d5a339a7f4ac3aeffd3ff2aca371b,statsEntry,true,true,2026-04-25 00:46:26,2026-04-25 00:46:26,42167,188,,0,umb://document/75a70ce524ac4e788f5ae955d66d5121,
120953,496f6486-e4bb-4bec-abfc-e7a680287652,umb://document/496f6486e4bb4becabfce7a680287652,bf9644acfeb542e79e6694797d39778e,statsEntry,true,true,2026-04-10 10:34:32,2026-04-10 10:34:32,42167,187,,0,umb://document/9a3617b1d91f412cac888c2c1634b78f,
120717,b0a522ea-6780-4cbf-888c-f41e5a7d2079,umb://document/b0a522ea67804cbf888cf41e5a7d2079,78ffb7ecca294a509b2303e55f185ac4,statsEntry,true,true,2026-04-04 22:28:56,2026-04-04 22:28:56,42167,186,,0,umb://document/75a70ce524ac4e788f5ae955d66d5121,
120104,c712bc9d-11a2-4b2e-80f7-23758c9d9955,umb://document/c712bc9d11a24b2e80f723758c9d9955,16889b4883894469b3dece39222c47d2,statsEntry,true,true,2026-03-19 14:15:07,2026-03-19 14:15:07,42167,185,,0,umb://document/9a3617b1d91f412cac888c2c1634b78f,
118874,a8940cea-b2ee-4632-a82f-d71d6c74b40e,umb://document/a8940ceab2ee4632a82fd71d6c74b40e,7bd5e14db21643938981d30563b0cc6e,statsEntry,true,true,2026-02-18 03:45:18,2026-02-18 03:45:18,42167,184,,1,umb://document/9a3617b1d91f412cac888c2c1634b78f,
118873,a01a01ab-6865-4887-9dac-d1962c1fa3d8,umb://document/a01a01ab686548879dacd1962c1fa3d8,e2182e48ce774564b54cf57ddbc36edb,statsEntry,true,true,2026-02-18 03:44:22,2026-02-18 03:44:22,42167,183,,1,umb://document/9a3617b1d91f412cac888c2c1634b78f,
118689,55d9f52d-4d93-4bd9-88c9-49d94a6330fb,umb://document/55d9f52d4d934bd988c949d94a6330fb,0006f6f9c5d34e308d316cd268400fae,statsEntry,true,true,2026-02-13 18:57:47,2026-02-13 18:57:47,42167,182,,0,umb://document/9a3617b1d91f412cac888c2c1634b78f,
118688,d227f241-ce49-4e49-8fe3-ef1a5a117f87,umb://document/d227f241ce494e498fe3ef1a5a117f87,6fd0e26b807741b29dcd49cb466ff279,statsEntry,true,true,2026-02-13 18:57:26,2026-02-13 18:57:26,42167,181,,0,umb://document/1640d68b0aa7448ba8ec6ba564e13a62,
118687,30ff9a00-e6bd-43b1-ae45-75f7a6d36e61,umb://document/30ff9a00e6bd43b1ae4575f7a6d36e61,8a61fdb4474049aca8e956382f51d5d5,statsEntry,true,true,2026-02-13 18:57:08,2026-02-13 18:57:08,42167,180,,0,umb://document/d39770934c4243f3897cc87e7429a8b2,
118686,8d41b956-757e-4820-b1f5-c7626e0768bd,umb://document/8d41b956757e4820b1f5c7626e0768bd,64a8909cef27471c97e7030b896932f3,statsEntry,true,true,2026-02-13 18:56:50,2026-02-13 18:56:50,42167,179,,0,umb://document/84b206d69a764360a873a2b9a5a71565,
118685,e00bae4a-a36b-4bea-9d22-4ccee72db879,umb://document/e00bae4aa36b4bea9d224ccee72db879,3f70cb5cd732423a85e51084fe14084b,statsEntry,true,true,2026-02-13 18:55:05,2026-02-13 18:55:05,42167,178,,0,umb://document/75a70ce524ac4e788f5ae955d66d5121,
118305,bce1b5c9-6253-4a79-a16e-0472e6edcc7f,umb://document/bce1b5c962534a79a16e0472e6edcc7f,83a1c18a270347b18db3c1ea7efbb018,statsEntry,true,true,2026-02-06 19:32:41,2026-02-06 19:32:41,42167,177,,0,umb://document/9a3617b1d91f412cac888c2c1634b78f,
118304,bad46e25-c015-4140-bd95-56742e3edab1,umb://document/bad46e25c0154140bd9556742e3edab1,cbb11c46b3414355b05c6a9cbf996e15,statsEntry,true,true,2026-02-06 19:32:32,2026-02-06 19:32:32,42167,176,,0,umb://document/1640d68b0aa7448ba8ec6ba564e13a62,
118303,d7db0fc1-b490-4514-9f02-e0b59b25a7fa,umb://document/d7db0fc1b49045149f02e0b59b25a7fa,eed05d3892e74df4bbcdbda39411194b,statsEntry,true,true,2026-02-06 19:32:10,2026-02-06 19:32:10,42167,175,,0,umb://document/75a70ce524ac4e788f5ae955d66d5121,
118302,86d21c0f-7b2e-4725-94aa-9ec337b83c12,umb://document/86d21c0f7b2e472594aa9ec337b83c12,a023d60c35fb4a14aa4ca1d87402bc63,statsEntry,true,true,2026-02-06 19:31:50,2026-02-06 19:31:50,42167,174,,0,umb://document/84b206d69a764360a873a2b9a5a71565,
118301,c7f81c30-2045-4780-820a-316f96020e10,umb://document/c7f81c3020454780820a316f96020e10,6b1d49c86ba64099bcb757a91b32602f,statsEntry,true,true,2026-02-06 19:31:31,2026-02-06 19:31:31,42167,173,,0,umb://document/d39770934c4243f3897cc87e7429a8b2,
117920,ab195a23-aa05-40b2-ab2a-c708780e7838,umb://document/ab195a23aa0540b2ab2ac708780e7838,481e0a407bbd49d49f20be921f64f249,statsEntry,true,true,2026-01-25 00:24:52,2026-01-25 00:24:52,42167,172,,0,umb://document/75a70ce524ac4e788f5ae955d66d5121,
117919,951d0912-0bff-4163-a4bb-e6e278dba5a5,umb://document/951d09120bff4163a4bbe6e278dba5a5,e621ea28d988443cb391a1793799f8f7,statsEntry,true,true,2026-01-25 00:24:16,2026-01-25 00:24:16,42167,171,,0,umb://document/84b206d69a764360a873a2b9a5a71565,
117918,b036d293-7098-4954-ac7c-5aaaef3b6de4,umb://document/b036d29370984954ac7c5aaaef3b6de4,55fc1378bb754ab2ae983d068b9debd5,statsEntry,true,true,2026-01-25 00:23:47,2026-01-25 00:23:47,42167,170,,0,umb://document/d39770934c4243f3897cc87e7429a8b2,
117917,1e0a71ff-61d1-42f0-8c58-25c8264ad977,umb://document/1e0a71ff61d142f08c5825c8264ad977,573c82b05d95468f83110e2bbc34602b,statsEntry,true,true,2026-01-25 00:23:22,2026-01-25 00:23:22,42167,169,,0,umb://document/1640d68b0aa7448ba8ec6ba564e13a62,
117916,52a1fc92-cc55-41fe-8338-8e382c70884d,umb://document/52a1fc92cc5541fe83388e382c70884d,b5cd2261efe643788e1ee2b0210f2921,statsEntry,true,true,2026-01-25 00:22:43,2026-01-25 00:22:43,42167,168,,0,umb://document/9a3617b1d91f412cac888c2c1634b78f,
117582,aa8f4655-4ba2-4c1b-84ce-4cdca9e4e6d5,umb://document/aa8f46554ba24c1b84ce4cdca9e4e6d5,58ac130a919c489aa7bbf68e8c8fad57,statsEntry,true,true,2026-01-14 15:39:02,2026-01-14 15:39:02,42167,167,,0,umb://document/75a70ce524ac4e788f5ae955d66d5121,
117581,126c4955-97db-48dd-8dfe-cac78657918e,umb://document/126c495597db48dd8dfecac78657918e,8123c78d8e7e40e39c796e5706b25ebe,statsEntry,true,true,2026-01-14 15:37:40,2026-01-14 15:37:40,42167,166,,0,umb://document/75a70ce524ac4e788f5ae955d66d5121,
117580,fbc02655-7cb4-4224-8830-2e7f285b9deb,umb://document/fbc026557cb4422488302e7f285b9deb,1a6919083e90412fbedafac54ec26333,statsEntry,true,true,2026-01-14 15:36:10,2026-01-14 15:36:10,42167,165,,0,umb://document/75a70ce524ac4e788f5ae955d66d5121,
117579,568f2264-1f9e-49e2-a223-b304843115dc,umb://document/568f22641f9e49e2a223b304843115dc,954db3b26ca644c1863dff14fa6461e8,statsEntry,true,true,2026-01-14 15:36:08,2026-01-14 15:36:08,42167,164,,0,umb://document/75a70ce524ac4e788f5ae955d66d5121,
117578,b90a6015-8927-47fb-9c35-d164dad641b5,umb://document/b90a6015892747fb9c35d164dad641b5,04a83396ecfe4bb786dbeefe6fdf1bad,statsEntry,true,true,2026-01-14 15:36:02,2026-01-14 15:36:02,42167,163,,0,umb://document/75a70ce524ac4e788f5ae955d66d5121,
117577,e6517e32-9f3a-42bf-b1bb-1045b2595c52,umb://document/e6517e329f3a42bfb1bb1045b2595c52,6ef377a271a64132bd33033c6b771f30,statsEntry,true,true,2026-01-14 15:35:55,2026-01-14 15:35:55,42167,162,,0,umb://document/75a70ce524ac4e788f5ae955d66d5121,
117576,e076ca43-c536-4899-b4ad-536a077c35fb,umb://document/e076ca43c5364899b4ad536a077c35fb,17c86e2aede74bad891e8355c00246aa,statsEntry,true,true,2026-01-14 15:35:42,2026-01-14 15:35:42,42167,161,,0,umb://document/75a70ce524ac4e788f5ae955d66d5121,
117575,1143cc97-3b5e-4dfe-9843-8a66def018c2,umb://document/1143cc973b5e4dfe98438a66def018c2,80aa18ee585b4d7ea4af47c9057bed52,statsEntry,true,true,2026-01-14 15:35:35,2026-01-14 15:35:35,42167,160,,0,umb://document/75a70ce524ac4e788f5ae955d66d5121,
116444,57b72321-3def-4bfe-9267-005358fd05ae,umb://document/57b723213def4bfe9267005358fd05ae,fbf4c7969c1c49a0a97d3d7263d57d1e,statsEntry,true,true,2025-12-13 22:25:05,2025-12-13 22:25:05,42167,159,,0,umb://document/75a70ce524ac4e788f5ae955d66d5121,
115906,d54bc1c5-0e00-44ea-bf60-5119a791c256,umb://document/d54bc1c50e0044eabf605119a791c256,e52dda89eca14697929b49652448cf73,statsEntry,true,true,2025-11-23 19:12:37,2025-11-23 19:12:37,42167,158,,0,umb://document/75a70ce524ac4e788f5ae955d66d5121,
112203,2007da60-1ae3-426b-940e-a70d91ddcbb8,umb://document/2007da601ae3426b940ea70d91ddcbb8,5c32a5b9099c4704829d9ee9fec47623,statsEntry,true,true,2025-09-03 19:33:49,2025-09-03 19:33:49,42167,157,,0,umb://document/75a70ce524ac4e788f5ae955d66d5121,
112199,7b0f8e64-92a9-4c73-85cd-716857e3a04b,umb://document/7b0f8e6492a94c7385cd716857e3a04b,9fd352439f784469b7d44a07af0efeef,statsEntry,true,true,2025-09-03 19:03:25,2025-09-03 19:03:25,42167,156,,0,umb://document/75a70ce524ac4e788f5ae955d66d5121,
111615,7a03183f-b7bd-4462-83de-1ecd5a0877e6,umb://document/7a03183fb7bd446283de1ecd5a0877e6,9736fe52b4bb4760b0caa84ed2d0deab,statsEntry,true,true,2025-08-06 18:50:21,2025-08-06 18:50:21,42167,155,,0,umb://document/9a3617b1d91f412cac888c2c1634b78f,
111614,8936c3d9-d728-4737-91d2-cab2adecd88f,umb://document/8936c3d9d728473791d2cab2adecd88f,1322fbb971b143488780f913c16179b7,statsEntry,true,true,2025-08-06 18:46:57,2025-08-06 18:46:57,42167,154,,0,umb://document/1640d68b0aa7448ba8ec6ba564e13a62,
111613,d8c9b00f-8e86-4773-924c-0087db356714,umb://document/d8c9b00f8e864773924c0087db356714,e802a607c3ae4de88df52f038163bf60,statsEntry,true,true,2025-08-06 18:43:53,2025-08-06 18:43:53,42167,153,,0,umb://document/d39770934c4243f3897cc87e7429a8b2,
111590,36969eff-9626-4eb5-bf8f-e975f4651eea,umb://document/36969eff96264eb5bf8fe975f4651eea,8c3bc36819d04240994c967b7c949aac,statsEntry,true,true,2025-08-06 01:15:58,2025-08-06 01:15:58,42167,152,,0,umb://document/75a70ce524ac4e788f5ae955d66d5121,
111381,106abe47-d332-4469-a0aa-ef10bf35f8ef,umb://document/106abe47d3324469a0aaef10bf35f8ef,ff554d8ca96e47c99b283b82563bf49f,statsEntry,true,true,2025-07-28 02:25:16,2025-07-28 02:25:16,42167,151,,0,umb://document/75a70ce524ac4e788f5ae955d66d5121,
111380,1aaa383a-1b20-49ba-91b5-318acc33a0f5,umb://document/1aaa383a1b2049ba91b5318acc33a0f5,8d31024ce1cb4506b71248448cbce6a9,statsEntry,true,true,2025-07-28 02:16:56,2025-07-28 02:16:56,42167,150,,0,umb://document/1640d68b0aa7448ba8ec6ba564e13a62,
111379,19342baa-a53c-4425-9bf2-725e044c6503,umb://document/19342baaa53c44259bf2725e044c6503,d2ebaba9375d4cb293d3e4efc05eedd2,statsEntry,true,true,2025-07-28 02:16:38,2025-07-28 02:16:38,42167,149,,0,umb://document/75a70ce524ac4e788f5ae955d66d5121,
110682,64167eff-be81-44f8-890b-375b9be5cb38,umb://document/64167effbe8144f8890b375b9be5cb38,a9bf162f5c6c4b02902d70bda081415f,statsEntry,true,true,2025-06-19 00:30:14,2025-06-19 00:30:14,42167,148,,0,umb://document/75a70ce524ac4e788f5ae955d66d5121,
110681,8fba0624-f342-404e-be73-6aa7a1f06758,umb://document/8fba0624f342404ebe736aa7a1f06758,87128b619dcb48ebba5617d6e9c9ca58,statsEntry,true,true,2025-06-19 00:29:54,2025-06-19 00:29:54,42167,147,,0,umb://document/84b206d69a764360a873a2b9a5a71565,
110680,f2c40eaf-83a7-4bd0-b6e2-735ed90c6db4,umb://document/f2c40eaf83a74bd0b6e2735ed90c6db4,c7851873a7db414691a9daaaddd0d55d,statsEntry,true,true,2025-06-19 00:29:14,2025-06-19 00:29:14,42167,146,,0,umb://document/d39770934c4243f3897cc87e7429a8b2,
110679,712919c1-c71b-4de5-a855-39aeff583e52,umb://document/712919c1c71b4de5a85539aeff583e52,637bf7f22e3246c3a37dd63ae1190744,statsEntry,true,true,2025-06-19 00:28:58,2025-06-19 00:28:58,42167,145,,0,umb://document/d39770934c4243f3897cc87e7429a8b2,
110678,143d42d7-fb81-4bfa-9622-4ab45dca369f,umb://document/143d42d7fb814bfa96224ab45dca369f,6bfb02c1a2a1442e847fc12f7e79d2e7,statsEntry,true,true,2025-06-19 00:26:33,2025-06-19 00:26:33,42167,144,,0,umb://document/d39770934c4243f3897cc87e7429a8b2,
110677,70476eec-9796-4a9e-a4ee-3649b0c3236f,umb://document/70476eec97964a9ea4ee3649b0c3236f,74bb47685f324ebe96c7f033584a59d0,statsEntry,true,true,2025-06-19 00:25:29,2025-06-19 00:25:29,42167,143,,0,umb://document/1640d68b0aa7448ba8ec6ba564e13a62,
110050,ef6eb69c-d11a-4d30-b082-ae39fd7ca518,umb://document/ef6eb69cd11a4d30b082ae39fd7ca518,c085e91cf1574d3abf394e8ef6871126,statsEntry,true,true,2025-05-29 00:50:49,2025-05-29 00:50:49,42167,142,,0,umb://document/9a3617b1d91f412cac888c2c1634b78f,
110049,c623f15d-5207-4c20-8015-c543e403ef82,umb://document/c623f15d52074c208015c543e403ef82,2a0ce082919c48788a696d16b94803d8,statsEntry,true,true,2025-05-29 00:50:18,2025-05-29 00:50:18,42167,141,,0,umb://document/9a3617b1d91f412cac888c2c1634b78f,
109750,df416e22-bbfd-4029-9121-340cc74c3169,umb://document/df416e22bbfd40299121340cc74c3169,d54a805f1db94814a6748d6eac97e156,statsEntry,true,true,2025-05-18 12:06:09,2025-05-18 12:06:09,42167,140,,0,umb://document/75a70ce524ac4e788f5ae955d66d5121,
109747,69a72772-e835-4cbf-ba15-118d33b0793b,umb://document/69a72772e8354cbfba15118d33b0793b,36dd1dac5c6142d5aa8a0128c3c4cbc7,statsEntry,true,true,2025-05-18 02:42:40,2025-05-18 02:42:40,42167,139,,0,umb://document/75a70ce524ac4e788f5ae955d66d5121,
109744,fd177b83-9b34-41a8-bcd8-64bcb7a44fd9,umb://document/fd177b839b3441a8bcd864bcb7a44fd9,326e782d427a495a9887b797ba018961,statsEntry,true,true,2025-05-18 02:36:12,2025-05-18 02:36:12,42167,138,,0,umb://document/84b206d69a764360a873a2b9a5a71565,
109743,92e8bccc-d508-40cc-8a2f-21a1b13a85df,umb://document/92e8bcccd50840cc8a2f21a1b13a85df,32116e37cb8241968dd37cfbf8971a36,statsEntry,true,true,2025-05-18 02:35:27,2025-05-18 02:35:27,42167,137,,0,umb://document/84b206d69a764360a873a2b9a5a71565,
109742,bd2f8b33-c99d-44e6-a0b5-2551919e88cc,umb://document/bd2f8b33c99d44e6a0b52551919e88cc,3a41caa62d4f4e998f2203a6d3dfdfce,statsEntry,true,true,2025-05-18 02:34:54,2025-05-18 02:34:54,42167,136,,0,umb://document/84b206d69a764360a873a2b9a5a71565,
109652,01fba371-7825-4303-a1b0-8dc1a9d3925d,umb://document/01fba37178254303a1b08dc1a9d3925d,496825717bf247559d09a31885a3b264,statsEntry,true,true,2025-05-16 19:46:33,2025-05-16 19:46:33,42167,135,,0,umb://document/84b206d69a764360a873a2b9a5a71565,
109438,726f4d24-f31e-424b-a84a-5239939b15f8,umb://document/726f4d24f31e424ba84a5239939b15f8,9fe5b9a388044501b658c6948d6a59dc,statsEntry,true,true,2025-05-11 17:31:23,2025-05-11 17:31:23,42167,134,,0,umb://document/75a70ce524ac4e788f5ae955d66d5121,
109437,95fc27ae-316d-4d9b-87c5-ffbf244a41c9,umb://document/95fc27ae316d4d9b87c5ffbf244a41c9,491c17ee68404febafb7106d7474466b,statsEntry,true,true,2025-05-11 17:30:52,2025-05-11 17:30:52,42167,133,,0,umb://document/1640d68b0aa7448ba8ec6ba564e13a62,
109436,02d0535e-5b3b-471a-8372-985812237795,umb://document/02d0535e5b3b471a8372985812237795,e71a6569b00c4993a7f78876f2615b98,statsEntry,true,true,2025-05-11 17:28:06,2025-05-11 17:28:06,42167,132,,0,umb://document/1640d68b0aa7448ba8ec6ba564e13a62,
109435,68dab07a-8755-486b-8f5c-f16e5e8494e0,umb://document/68dab07a8755486b8f5cf16e5e8494e0,b4551c96d6dc4769a37523817f0b293d,statsEntry,true,true,2025-05-11 17:27:36,2025-05-11 17:27:36,42167,131,,0,umb://document/d39770934c4243f3897cc87e7429a8b2,
109434,037f5221-5236-4609-bf4f-f3864e6c31ee,umb://document/037f522152364609bf4ff3864e6c31ee,47275c6e44054e3a8565bbf43a921bd9,statsEntry,true,true,2025-05-11 17:27:02,2025-05-11 17:27:02,42167,130,,0,umb://document/9a3617b1d91f412cac888c2c1634b78f,
109433,10cc2b85-8d72-468c-812d-8726247f79db,umb://document/10cc2b858d72468c812d8726247f79db,f6bc139bbc0a4e0b9b0db1fc8fd33a18,statsEntry,true,true,2025-05-11 17:25:11,2025-05-11 17:25:11,42167,129,,0,umb://document/84b206d69a764360a873a2b9a5a71565,
109432,4ebf4b12-d46f-4020-b140-0df55a890a8d,umb://document/4ebf4b12d46f4020b1400df55a890a8d,4e4e436f613d415b92969fc4651e6be7,statsEntry,true,true,2025-05-11 17:24:07,2025-05-11 17:24:07,42167,128,,0,umb://document/d39770934c4243f3897cc87e7429a8b2,
109431,38a54e71-2931-47d5-b74d-dcc22316697c,umb://document/38a54e71293147d5b74ddcc22316697c,bf6cfe69fc1541a3a72525fdd9fbfa66,statsEntry,true,true,2025-05-11 17:24:04,2025-05-11 17:24:04,42167,127,,0,umb://document/75a70ce524ac4e788f5ae955d66d5121,
109329,f2b1394e-f6fb-4474-b978-fb8b25cf3316,umb://document/f2b1394ef6fb4474b978fb8b25cf3316,7f6fda50f91848c7b7e7267a7b24fedc,statsEntry,true,true,2025-05-08 14:59:46,2025-05-08 14:59:46,42167,126,,0,umb://document/75a70ce524ac4e788f5ae955d66d5121,
109328,1c51c43c-058b-442d-8edb-2754d2d7da29,umb://document/1c51c43c058b442d8edb2754d2d7da29,4045e95445574e169b173c47ec4b8087,statsEntry,true,true,2025-05-08 14:59:26,2025-05-08 14:59:26,42167,125,,0,umb://document/75a70ce524ac4e788f5ae955d66d5121,
109327,75048877-9226-4e9e-9602-ecf8aabd26b2,umb://document/7504887792264e9e9602ecf8aabd26b2,77a00500180c4f8791e0ef9473f2ec9d,statsEntry,true,true,2025-05-08 14:58:43,2025-05-08 14:58:43,42167,124,,0,umb://document/84b206d69a764360a873a2b9a5a71565,
109326,4477e607-1fce-433d-848f-6a9191a8bb26,umb://document/4477e6071fce433d848f6a9191a8bb26,6af1e5f2b6164f3cbbda848f7ae31040,statsEntry,true,true,2025-05-08 14:58:22,2025-05-08 14:58:22,42167,123,,0,umb://document/84b206d69a764360a873a2b9a5a71565,
109325,c7611a55-d96c-4918-96ab-d31209c35c50,umb://document/c7611a55d96c491896abd31209c35c50,c8ec424a00834e459595c690442ea7e4,statsEntry,true,true,2025-05-08 14:57:57,2025-05-08 14:57:57,42167,122,,0,umb://document/d39770934c4243f3897cc87e7429a8b2,
109324,3b887c7e-650b-4f12-b9b5-afc0210d0d65,umb://document/3b887c7e650b4f12b9b5afc0210d0d65,706bd275ce9f43c9bf2875c0e21a8183,statsEntry,true,true,2025-05-08 14:57:33,2025-05-08 14:57:33,42167,121,,0,umb://document/d39770934c4243f3897cc87e7429a8b2,
109323,efdf3a06-0057-48e9-86ee-51710001b8b3,umb://document/efdf3a06005748e986ee51710001b8b3,17c0105f19ce4f17bbac2012413b427f,statsEntry,true,true,2025-05-08 14:57:09,2025-05-08 14:57:09,42167,120,,0,umb://document/1640d68b0aa7448ba8ec6ba564e13a62,
109322,4a0ccaa3-30a8-49c2-9bcb-b38fae984408,umb://document/4a0ccaa330a849c29bcbb38fae984408,c84047d82be74fb9b4c6a1aef2fab128,statsEntry,true,true,2025-05-08 14:56:39,2025-05-08 14:56:39,42167,119,,0,umb://document/9a3617b1d91f412cac888c2c1634b78f,
109318,2a2f4dd9-66ba-4a64-a840-f1c715b400db,umb://document/2a2f4dd966ba4a64a840f1c715b400db,46193fc47927447ba05722f8116a40c6,statsEntry,true,true,2025-05-07 23:12:00,2025-05-07 23:12:00,42167,118,,0,umb://document/84b206d69a764360a873a2b9a5a71565,
109317,a71f55f3-da6c-4c2e-ad6e-8a47fdd51ddb,umb://document/a71f55f3da6c4c2ead6e8a47fdd51ddb,dfd8afca19c0478a9d5f945f0d81cda3,statsEntry,true,true,2025-05-07 23:11:44,2025-05-07 23:11:44,42167,117,,0,umb://document/1640d68b0aa7448ba8ec6ba564e13a62,
109316,6595b37e-94dc-4e2d-bae1-96cfe4c0285c,umb://document/6595b37e94dc4e2dbae196cfe4c0285c,72971ea657594396890ff748516039ca,statsEntry,true,true,2025-05-07 23:11:07,2025-05-07 23:11:07,42167,116,,0,umb://document/d39770934c4243f3897cc87e7429a8b2,
109288,d62f3001-68f2-4a7c-8aa4-ce9f6238dc3c,umb://document/d62f300168f24a7c8aa4ce9f6238dc3c,aadab4d91b374886a58793438efa0529,statsEntry,true,true,2025-05-07 14:44:09,2025-05-07 14:44:09,42167,115,,0,umb://document/9a3617b1d91f412cac888c2c1634b78f,
109279,9d0d3e7d-d273-4c18-82c6-6c75bc87ec19,umb://document/9d0d3e7dd2734c1882c66c75bc87ec19,87ec4b237f434432a2fc9251b0b2d8ef,statsEntry,true,true,2025-05-07 00:19:41,2025-05-07 00:19:41,42167,114,,0,umb://document/75a70ce524ac4e788f5ae955d66d5121,
109278,8cc0e043-01a1-4673-b8dd-04c60c5d04c0,umb://document/8cc0e04301a14673b8dd04c60c5d04c0,4ce221536a1f462bb1371b018f875d8e,statsEntry,true,true,2025-05-07 00:19:23,2025-05-07 00:19:23,42167,113,,0,umb://document/d39770934c4243f3897cc87e7429a8b2,
109277,21796ab0-2e71-443f-9d38-d6dab661cecc,umb://document/21796ab02e71443f9d38d6dab661cecc,09946fb3b346469cbfebe320b222631e,statsEntry,true,true,2025-05-07 00:19:18,2025-05-07 00:19:18,42167,112,,0,umb://document/84b206d69a764360a873a2b9a5a71565,
109276,47de7999-2cd5-46f2-96b4-301b40d9ef9b,umb://document/47de79992cd546f296b4301b40d9ef9b,e45a4b8263a642c5b8a35f33d8bb6c25,statsEntry,true,true,2025-05-07 00:18:49,2025-05-07 00:18:49,42167,111,,0,umb://document/1640d68b0aa7448ba8ec6ba564e13a62,
109275,3019329e-559f-4401-b1d0-d7b64eb5b2fa,umb://document/3019329e559f4401b1d0d7b64eb5b2fa,9383ac02050043efb3c28b4d9d518206,statsEntry,true,true,2025-05-07 00:18:23,2025-05-07 00:18:23,42167,110,,0,umb://document/9a3617b1d91f412cac888c2c1634b78f,
108451,b0108c89-ba4a-4764-a41d-fb43070edd3a,umb://document/b0108c89ba4a4764a41dfb43070edd3a,24f8f9c2d27e4c91ba0a151cb2b1aac1,statsEntry,true,true,2025-04-12 23:31:50,2025-04-12 23:31:50,42167,109,,0,umb://document/9a3617b1d91f412cac888c2c1634b78f,
107174,3217fb6e-8a1d-4408-aa5c-08b46a2d4228,umb://document/3217fb6e8a1d4408aa5c08b46a2d4228,e7a470fa43b546b29a51bb5c133a2701,statsEntry,true,true,2025-03-12 20:36:00,2025-03-12 20:36:00,42167,108,,0,umb://document/9a3617b1d91f412cac888c2c1634b78f,
107173,b59f620c-ee10-4bf5-aedc-1c5176600cab,umb://document/b59f620cee104bf5aedc1c5176600cab,ab5adead801d438699e8aa98e196e879,statsEntry,true,true,2025-03-12 20:35:07,2025-03-12 20:35:07,42167,107,,0,umb://document/1640d68b0aa7448ba8ec6ba564e13a62,
107172,32afdd76-8371-4d35-8b97-784e084b1a3a,umb://document/32afdd7683714d358b97784e084b1a3a,78b08050511d4954867ecedc9853abac,statsEntry,true,true,2025-03-12 20:34:19,2025-03-12 20:34:19,42167,106,,0,umb://document/d39770934c4243f3897cc87e7429a8b2,
107171,c0425ea1-c416-4985-ade6-772676d2edc0,umb://document/c0425ea1c4164985ade6772676d2edc0,cc170bf938ff415f888064b2f3317cc6,statsEntry,true,true,2025-03-12 20:33:01,2025-03-12 20:33:01,42167,105,,0,umb://document/84b206d69a764360a873a2b9a5a71565,
107170,10f6b5cd-9602-440a-9023-58958bf3f068,umb://document/10f6b5cd9602440a902358958bf3f068,4e0d30b89295428d80a3885d8a1405ae,statsEntry,true,true,2025-03-12 20:32:41,2025-03-12 20:32:41,42167,104,,0,umb://document/d39770934c4243f3897cc87e7429a8b2,
107169,e6660ff7-e07c-4be1-8289-d6443f466ca3,umb://document/e6660ff7e07c4be18289d6443f466ca3,306fec85a0b64e079c8a185266660c94,statsEntry,true,true,2025-03-12 20:32:38,2025-03-12 20:32:38,42167,103,,0,umb://document/1640d68b0aa7448ba8ec6ba564e13a62,
107168,cd8844a3-4e45-4fb4-816a-3e07447bae33,umb://document/cd8844a34e454fb4816a3e07447bae33,98b4a2365a044b03b24649391d15edc2,statsEntry,true,true,2025-03-12 20:32:07,2025-03-12 20:32:07,42167,102,,0,umb://document/9a3617b1d91f412cac888c2c1634b78f,
107167,e8774d89-b4e4-41d9-bb4a-089ba8df7647,umb://document/e8774d89b4e441d9bb4a089ba8df7647,0058aae0a23d43388789f295c969fec8,statsEntry,true,true,2025-03-12 20:31:50,2025-03-12 20:31:50,42167,101,,0,umb://document/75a70ce524ac4e788f5ae955d66d5121,
107166,7fc8d419-8d13-4a92-a004-5365f50abe32,umb://document/7fc8d4198d134a92a0045365f50abe32,41ddf6d92b4d420da3079dd7d98b8b6e,statsEntry,true,true,2025-03-12 20:31:18,2025-03-12 20:31:18,42167,100,,0,umb://document/84b206d69a764360a873a2b9a5a71565,
107165,77b520e4-f25f-4585-b79b-dc859039a136,umb://document/77b520e4f25f4585b79bdc859039a136,d71d42c44b4247eb95e4e198da883c6c,statsEntry,true,true,2025-03-12 20:31:15,2025-03-12 20:31:15,42167,99,,0,umb://document/9a3617b1d91f412cac888c2c1634b78f,
107164,d8ccff0e-9b75-4f6a-a9a7-1d9a2d9350f1,umb://document/d8ccff0e9b754f6aa9a71d9a2d9350f1,0dd8b0acfc4e4fa5bcbeebc40f1170b8,statsEntry,true,true,2025-03-12 20:30:43,2025-03-12 20:30:43,42167,98,,0,umb://document/75a70ce524ac4e788f5ae955d66d5121,
106821,6d3ae9ca-6ce9-460c-a7fb-cb3f84c2dd97,umb://document/6d3ae9ca6ce9460ca7fbcb3f84c2dd97,6965d772958d44d6bb7a41469b7f4a0f,statsEntry,true,true,2025-03-06 10:06:12,2025-03-06 10:06:12,42167,97,,0,umb://document/9a3617b1d91f412cac888c2c1634b78f,
106820,7bd846d3-99f4-4467-921d-c554baf9e819,umb://document/7bd846d399f44467921dc554baf9e819,923be2cf72f4456796b852a483247c36,statsEntry,true,true,2025-03-06 10:05:36,2025-03-06 10:05:36,42167,96,,0,umb://document/1640d68b0aa7448ba8ec6ba564e13a62,
106819,5ce341ef-2aa2-4352-ab48-4280ad220508,umb://document/5ce341ef2aa24352ab484280ad220508,25026b9705fb463aa8bcfcf3ba68740f,statsEntry,true,true,2025-03-06 10:04:52,2025-03-06 10:04:52,42167,95,,0,umb://document/1640d68b0aa7448ba8ec6ba564e13a62,
106818,8aaaa954-70e0-4b84-8433-c743290beb5b,umb://document/8aaaa95470e04b848433c743290beb5b,17ec313fc6e8465888f6dac83907ea7e,statsEntry,true,true,2025-03-06 10:04:10,2025-03-06 10:04:10,42167,94,,0,umb://document/d39770934c4243f3897cc87e7429a8b2,
106817,5575a8f8-695b-4ab8-acf0-aa7a69284b38,umb://document/5575a8f8695b4ab8acf0aa7a69284b38,929206c9e8564524b96c2a9c21476f88,statsEntry,true,true,2025-03-06 10:03:21,2025-03-06 10:03:21,42167,93,,0,umb://document/75a70ce524ac4e788f5ae955d66d5121,
106816,80be84d9-f06f-4d7c-8211-0163b244f7ab,umb://document/80be84d9f06f4d7c82110163b244f7ab,9f11a073dc5843789b7b22987f115d9b,statsEntry,true,true,2025-03-06 10:02:52,2025-03-06 10:02:52,42167,92,,0,umb://document/84b206d69a764360a873a2b9a5a71565,
106815,f1741f2f-f61e-450e-aeb0-e269c66409ac,umb://document/f1741f2ff61e450eaeb0e269c66409ac,69fb125e400d4d37966eefe7795cf0ef,statsEntry,true,true,2025-03-06 10:02:21,2025-03-06 10:02:21,42167,91,,0,umb://document/75a70ce524ac4e788f5ae955d66d5121,
105579,72810b49-487c-4fda-8490-05c3e42e5a91,umb://document/72810b49487c4fda849005c3e42e5a91,1f17d251782243ceafb9425ca7f0c252,statsEntry,true,true,2025-02-03 00:20:53,2025-02-03 00:20:53,42167,90,,0,umb://document/d39770934c4243f3897cc87e7429a8b2,
105578,4714e922-7304-4a4b-9454-6d48abf9232f,umb://document/4714e92273044a4b94546d48abf9232f,01aeb83850bf4b76bf9b60670ed79c99,statsEntry,true,true,2025-02-03 00:20:08,2025-02-03 00:20:08,42167,89,,0,umb://document/1640d68b0aa7448ba8ec6ba564e13a62,
105558,cacc5c03-d1a1-4b9c-9511-661881a28d96,umb://document/cacc5c03d1a14b9c9511661881a28d96,7c03c6cb0774496f9a4903718842ffbd,statsEntry,true,true,2025-02-02 22:19:22,2025-02-02 22:19:22,42167,88,,0,umb://document/d39770934c4243f3897cc87e7429a8b2,
105557,132012d9-197f-4985-99cc-e547cc0b615b,umb://document/132012d9197f498599cce547cc0b615b,b152801800474bb6b0b262e2bd3592e5,statsEntry,true,true,2025-02-02 22:19:16,2025-02-02 22:19:16,42167,87,,0,umb://document/9a3617b1d91f412cac888c2c1634b78f,
105556,4c611fe5-4794-442c-86f0-d5370165ddd3,umb://document/4c611fe54794442c86f0d5370165ddd3,8e1e27346b0e4ec7b1c384a49db4bbdd,statsEntry,true,true,2025-02-02 22:19:13,2025-02-02 22:19:13,42167,86,,0,umb://document/1640d68b0aa7448ba8ec6ba564e13a62,
105555,4a4eee3d-bbca-4c78-8ecc-89aeef9b2295,umb://document/4a4eee3dbbca4c788ecc89aeef9b2295,299930ef07174c5abffa401e090b3e14,statsEntry,true,true,2025-02-02 22:09:50,2025-02-02 22:09:50,42167,85,,0,umb://document/84b206d69a764360a873a2b9a5a71565,
105554,d5a3d8da-de9d-45b9-be96-2afe17113483,umb://document/d5a3d8dade9d45b9be962afe17113483,f4bbeab9e24b43a999638b10c65944cf,statsEntry,true,true,2025-02-02 22:09:22,2025-02-02 22:09:22,42167,84,,0,umb://document/75a70ce524ac4e788f5ae955d66d5121,
105027,be8c2684-883e-41e5-b813-d700eebd9780,umb://document/be8c2684883e41e5b813d700eebd9780,bc4ea53619164daea593ba0b09079aa5,statsEntry,true,true,2025-01-18 14:26:52,2025-01-18 14:26:52,42167,83,,0,umb://document/75a70ce524ac4e788f5ae955d66d5121,
102682,ab6a42c9-8865-4164-b662-89131bd4f8a2,umb://document/ab6a42c988654164b66289131bd4f8a2,2572d10b36cb408e9517683bafc79a9e,statsEntry,true,true,2024-11-13 12:55:58,2024-11-13 12:55:58,42167,82,,0,umb://document/84b206d69a764360a873a2b9a5a71565,
102681,7bdc0891-acf9-4287-939e-85223359aa14,umb://document/7bdc0891acf94287939e85223359aa14,b881880641744934b148e1e0313bd012,statsEntry,true,true,2024-11-13 12:54:56,2024-11-13 12:54:56,42167,81,,0,umb://document/75a70ce524ac4e788f5ae955d66d5121,
102680,aee28684-60e3-4a4a-ad8b-9f86361588d9,umb://document/aee2868460e34a4aad8b9f86361588d9,0ccbdf105d264189bfb16fd8cc893432,statsEntry,true,true,2024-11-13 12:54:32,2024-11-13 12:54:32,42167,80,,0,umb://document/1640d68b0aa7448ba8ec6ba564e13a62,
102679,6d72521b-7b88-44aa-a96e-58bab9e4c5a4,umb://document/6d72521b7b8844aaa96e58bab9e4c5a4,9080ac8fb1034fdcaba5fe4dbe8a6d1c,statsEntry,true,true,2024-11-13 12:53:38,2024-11-13 12:53:38,42167,79,,0,umb://document/9a3617b1d91f412cac888c2c1634b78f,
102678,8b5a734d-4958-4f6d-be69-ac7a601274f6,umb://document/8b5a734d49584f6dbe69ac7a601274f6,f7f03a08f5814f3fa1431165c2dcb7a1,statsEntry,true,true,2024-11-13 12:53:09,2024-11-13 12:53:09,42167,78,,0,umb://document/d39770934c4243f3897cc87e7429a8b2,
102677,b9b8a00f-9927-4246-a077-13e119e0c2c7,umb://document/b9b8a00f99274246a07713e119e0c2c7,c337f1c091f742f2a04835b6975b3743,statsEntry,true,true,2024-11-13 12:52:53,2024-11-13 12:52:53,42167,77,,0,umb://document/75a70ce524ac4e788f5ae955d66d5121,
99721,63c8c98d-b11c-4dd2-9c7e-9a581e47ffda,umb://document/63c8c98db11c4dd29c7e9a581e47ffda,f2356d3cca53408ebdf7cabc96c08d1f,statsEntry,true,true,2024-08-17 17:27:28,2024-08-17 17:27:28,42167,76,,0,umb://document/75a70ce524ac4e788f5ae955d66d5121,
96236,9cfd3c2b-0990-45f1-8d5e-2bb20379e534,umb://document/9cfd3c2b099045f18d5e2bb20379e534,37c571dba00b44ab92b2106cf15504ef,statsEntry,true,true,2024-04-10 18:07:15,2024-04-10 18:07:15,42167,75,,0,umb://document/75a70ce524ac4e788f5ae955d66d5121,
96235,74ef5489-b339-4d27-beeb-15f67b39ec8b,umb://document/74ef5489b3394d27beeb15f67b39ec8b,6ccc0e5535f64f6b86ffccec062d10cc,statsEntry,true,true,2024-04-10 18:06:47,2024-04-10 18:06:47,42167,74,,0,umb://document/75a70ce524ac4e788f5ae955d66d5121,
91221,615ca083-a977-4d28-8499-c8ed63335d87,umb://document/615ca083a9774d288499c8ed63335d87,1117dd19314846bd9fd4f691c00bab5d,statsEntry,true,true,2023-10-14 14:21:32,2023-10-14 14:21:32,42167,73,,0,umb://document/1640d68b0aa7448ba8ec6ba564e13a62,
91220,fd3530e5-1055-4ef5-bc1b-bd6cacc1bb2e,umb://document/fd3530e510554ef5bc1bbd6cacc1bb2e,e19063819e214bb29b96359f04887ebb,statsEntry,true,true,2023-10-14 14:20:38,2023-10-14 14:20:38,42167,72,,0,umb://document/75a70ce524ac4e788f5ae955d66d5121,
91184,b96220d1-a6bd-4629-884b-4acce0465adf,umb://document/b96220d1a6bd4629884b4acce0465adf,cf7ba7362d07471baaa60f60348e5320,statsEntry,true,true,2023-10-13 19:07:54,2023-10-13 19:07:54,42167,71,,1,umb://document/75a70ce524ac4e788f5ae955d66d5121,
86133,02df680a-272a-444b-9795-7a0de98bcc50,umb://document/02df680a272a444b97957a0de98bcc50,fdd2be9212584f878393b755a018e491,statsEntry,true,true,2023-07-04 06:35:34,2023-07-04 06:35:34,42167,70,,0,umb://document/75a70ce524ac4e788f5ae955d66d5121,
86119,a12697a6-a821-4bb0-835e-1e2e180caadf,umb://document/a12697a6a8214bb0835e1e2e180caadf,63444ce089fe4d8391fbf0f55282ffca,statsEntry,true,true,2023-07-03 17:36:33,2023-07-03 17:36:33,42167,69,,0,umb://document/75a70ce524ac4e788f5ae955d66d5121,
86116,7a4c9274-897a-49a7-b6e8-0d824eb7f51a,umb://document/7a4c9274897a49a7b6e80d824eb7f51a,2598c58659a14d06b638ec8f7bf6f60d,statsEntry,true,true,2023-07-03 17:34:20,2023-07-03 17:34:20,42167,68,,1,umb://document/75a70ce524ac4e788f5ae955d66d5121,
79821,4bd7331a-41b9-4417-8b14-c5546fe62cc6,umb://document/4bd7331a41b944178b14c5546fe62cc6,da0364f4da7b489e9574a65b7a0d07f0,statsEntry,true,true,2023-04-02 19:52:41,2023-04-02 19:52:41,42167,67,,1,umb://document/75a70ce524ac4e788f5ae955d66d5121,
79820,274e831b-7c3a-419c-a55e-1b7f4a2075b6,umb://document/274e831b7c3a419ca55e1b7f4a2075b6,c3c593a70bad42189e2b99e91f708efc,statsEntry,true,true,2023-04-02 19:51:14,2023-04-02 19:51:14,42167,66,,1,umb://document/75a70ce524ac4e788f5ae955d66d5121,
79819,502ea5d8-0077-4b2e-8cc6-69ad794a6c13,umb://document/502ea5d800774b2e8cc669ad794a6c13,34971e6d455a4cf5b081c5cc56e00aa3,statsEntry,true,true,2023-04-02 19:50:32,2023-04-02 19:50:32,42167,65,,1,umb://document/75a70ce524ac4e788f5ae955d66d5121,
79810,b07b65de-7611-4793-9134-bb0f973e7e7c,umb://document/b07b65de761147939134bb0f973e7e7c,68baf1c92bca4dcf8b63461815c7cd8f,statsEntry,true,true,2023-04-02 18:07:50,2023-04-02 18:07:50,42167,64,,1,umb://document/75a70ce524ac4e788f5ae955d66d5121,
79809,cab3e7ec-f5a4-49f0-8a01-9bbc0f5fc54e,umb://document/cab3e7ecf5a449f08a019bbc0f5fc54e,40a9e6005d6947f995efb02f99ae1f52,statsEntry,true,true,2023-04-02 18:01:35,2023-04-02 18:01:35,42167,63,,1,umb://document/75a70ce524ac4e788f5ae955d66d5121,
79808,b84f734c-5415-460e-ab9c-f3e4efdf6ea5,umb://document/b84f734c5415460eab9cf3e4efdf6ea5,7d675b107abc472c940ef47be01f43ac,statsEntry,true,true,2023-04-02 18:00:12,2023-04-02 18:00:12,42167,62,,1,umb://document/75a70ce524ac4e788f5ae955d66d5121,
79787,ae41e954-5bd5-40c6-9180-1a2dd21ebea4,umb://document/ae41e9545bd540c691801a2dd21ebea4,6e9159a4013f4e7496ae24e498901bc5,statsEntry,true,true,2023-04-01 21:36:27,2023-04-01 21:36:27,42167,61,,1,umb://document/75a70ce524ac4e788f5ae955d66d5121,
79786,8c7cc897-23c8-47fe-97e3-0ad5905e333b,umb://document/8c7cc89723c847fe97e30ad5905e333b,fa2f272de3814a1daeac9a772a914833,statsEntry,true,true,2023-04-01 21:21:44,2023-04-01 21:21:44,42167,60,,1,umb://document/75a70ce524ac4e788f5ae955d66d5121,
78364,d8cc301f-5dbe-411a-9182-d7730f934063,umb://document/d8cc301f5dbe411a9182d7730f934063,2d48c23560654a39b7481baf9cf1bf28,statsEntry,true,true,2023-02-20 19:33:17,2023-02-20 19:33:17,42167,59,,0,umb://document/75a70ce524ac4e788f5ae955d66d5121,
78361,f86dcbc1-c929-44bb-84f8-4704280d5fc6,umb://document/f86dcbc1c92944bb84f84704280d5fc6,129ad02b54634bc5841f7b450bae26ee,statsEntry,true,true,2023-02-20 19:32:04,2023-02-20 19:32:04,42167,58,,0,umb://document/84b206d69a764360a873a2b9a5a71565,
78358,d986cb11-2f28-4407-ac0a-31d67986022b,umb://document/d986cb112f284407ac0a31d67986022b,f8ebe06f06b4457fbdea26ca0b28f6e1,statsEntry,true,true,2023-02-20 19:28:59,2023-02-20 19:28:59,42167,57,,0,umb://document/d39770934c4243f3897cc87e7429a8b2,
75951,c7e01b3b-cba4-493c-a3b9-96fc3264288f,umb://document/c7e01b3bcba4493ca3b996fc3264288f,26f9337e37c646d1946755740b61d113,statsEntry,true,true,2022-12-16 11:15:14,2022-12-16 11:15:14,42167,56,,0,umb://document/d39770934c4243f3897cc87e7429a8b2,
75950,43c27674-3166-424e-8dfb-7bf4961cdf12,umb://document/43c276743166424e8dfb7bf4961cdf12,9f1c2139a6554b53b4ee243bb3c25b6f,statsEntry,true,true,2022-12-16 11:15:05,2022-12-16 11:15:05,42167,55,,0,umb://document/d39770934c4243f3897cc87e7429a8b2,
67721,33f80cfe-b0a1-4f69-ad11-63efeab06298,umb://document/33f80cfeb0a14f69ad1163efeab06298,2366ec05efa44e8e898f888ab4b0a9d5,statsEntry,true,true,2022-07-09 17:46:44,2022-07-09 17:46:44,42167,54,,0,umb://document/75a70ce524ac4e788f5ae955d66d5121,
67623,2da09598-87fa-49ef-8717-8c15937b1577,umb://document/2da0959887fa49ef87178c15937b1577,dd73a5f923e2401faf62becb5b28cf66,statsEntry,true,true,2022-07-06 21:28:27,2022-07-06 21:28:27,42167,53,,0,umb://document/84b206d69a764360a873a2b9a5a71565,
67622,01629f4c-0bf1-4e2b-8b27-5450d456c826,umb://document/01629f4c0bf14e2b8b275450d456c826,d80c187c12e3429c90b33933bf292a3e,statsEntry,true,true,2022-07-06 21:28:26,2022-07-06 21:28:26,42167,52,,0,umb://document/84b206d69a764360a873a2b9a5a71565,
66589,72acc43d-cbd1-476a-a7ef-c6665ebefdc8,umb://document/72acc43dcbd1476aa7efc6665ebefdc8,fbebfbdc136f487faa374475704d176a,statsEntry,true,true,2022-06-18 19:26:36,2022-06-18 19:26:36,42167,51,,0,umb://document/1640d68b0aa7448ba8ec6ba564e13a62,
66588,7e1d2d88-6fde-4934-a12c-245e9086d94a,umb://document/7e1d2d886fde4934a12c245e9086d94a,7bc6137d95f9490c9c0ea7e605c269d0,statsEntry,true,true,2022-06-18 19:26:30,2022-06-18 19:26:30,42167,50,,0,umb://document/1640d68b0aa7448ba8ec6ba564e13a62,
66587,eb164d67-25dd-40f5-b447-a5cc449ae7d8,umb://document/eb164d6725dd40f5b447a5cc449ae7d8,1bdd614677f7422096c6ef569e2013ca,statsEntry,true,true,2022-06-18 19:22:15,2022-06-18 19:22:15,42167,49,,0,umb://document/9a3617b1d91f412cac888c2c1634b78f,
66586,8e196628-8f7b-470e-9d4e-7a35abcf6b45,umb://document/8e1966288f7b470e9d4e7a35abcf6b45,508d4a00b38c4dd3a3a900b30b49c4a7,statsEntry,true,true,2022-06-18 19:21:51,2022-06-18 19:21:51,42167,48,,0,umb://document/1640d68b0aa7448ba8ec6ba564e13a62,
66585,fc0771e8-a440-439b-b756-447a5d681707,umb://document/fc0771e8a440439bb756447a5d681707,369a59fe15f9470aa280c13d9efd7ad8,statsEntry,true,true,2022-06-18 19:20:52,2022-06-18 19:20:52,42167,47,,0,umb://document/d39770934c4243f3897cc87e7429a8b2,
66584,6af69733-ae10-432d-8bdb-2a0cb7cdef22,umb://document/6af69733ae10432d8bdb2a0cb7cdef22,82f2efe26f9c4aa0b8cc989bb45a3e8f,statsEntry,true,true,2022-06-18 19:20:39,2022-06-18 19:20:39,42167,46,,0,umb://document/84b206d69a764360a873a2b9a5a71565,
66583,d3f5567a-8940-40b4-b3b3-4949cfc5785a,umb://document/d3f5567a894040b4b3b34949cfc5785a,5ceebc1b8e47442a99316b3086690b47,statsEntry,true,true,2022-06-18 19:20:21,2022-06-18 19:20:21,42167,45,,0,umb://document/75a70ce524ac4e788f5ae955d66d5121,
65114,f79e18b6-a21a-4676-9abb-156672afee3f,umb://document/f79e18b6a21a46769abb156672afee3f,7f42801e4c974b88bb0b9ad657df8070,statsEntry,true,true,2022-06-05 18:52:22,2022-06-05 18:52:22,42167,44,,1,umb://document/1640d68b0aa7448ba8ec6ba564e13a62,
65077,921b3894-a258-418f-9ab8-235f6a548d33,umb://document/921b3894a258418f9ab8235f6a548d33,1e9976039fdc4bdaa7a393fa90478d16,statsEntry,true,true,2022-06-05 01:00:32,2022-06-05 01:00:32,42167,43,,1,umb://document/1640d68b0aa7448ba8ec6ba564e13a62,
65075,8ff8aa97-98fe-4a1a-8fc0-032ac88ec9d3,umb://document/8ff8aa9798fe4a1a8fc0032ac88ec9d3,91ef2598a78745ad9353b649644e6327,statsEntry,true,true,2022-06-04 19:49:36,2022-06-04 19:49:36,42167,42,,1,umb://document/1640d68b0aa7448ba8ec6ba564e13a62,
65074,03e688ae-1e48-4956-a562-f4825235be3b,umb://document/03e688ae1e484956a562f4825235be3b,c3717326b52247508615bb506345b229,statsEntry,true,true,2022-06-04 19:49:25,2022-06-04 19:49:25,42167,41,,1,umb://document/1640d68b0aa7448ba8ec6ba564e13a62,
65061,d046da21-ce11-4798-8a80-632c5173b1f1,umb://document/d046da21ce1147988a80632c5173b1f1,722cc8bf722d4c1f8beb304dde5d5611,statsEntry,true,true,2022-06-04 15:12:27,2022-06-04 15:12:27,42167,40,,1,umb://document/1640d68b0aa7448ba8ec6ba564e13a62,
65042,4aad3543-8a24-44fc-abb0-c895e9f3cc92,umb://document/4aad35438a2444fcabb0c895e9f3cc92,7b46f2ed7580406db44689393e74ff6d,statsEntry,true,true,2022-06-03 16:18:08,2022-06-03 16:18:08,42167,39,,1,umb://document/84b206d69a764360a873a2b9a5a71565,
65009,10ed54cf-4e9b-48ed-8d5f-af6ec86ff0a5,umb://document/10ed54cf4e9b48ed8d5faf6ec86ff0a5,b97a25ad8e114b3ea3e87691c98ccb5f,statsEntry,true,true,2022-06-02 21:07:47,2022-06-02 21:07:47,42167,38,,1,umb://document/d39770934c4243f3897cc87e7429a8b2,
65008,554f66e8-661f-4f5c-a131-65cef516678c,umb://document/554f66e8661f4f5ca13165cef516678c,ff2ac6bef2504763acf2d267ccd28c99,statsEntry,true,true,2022-06-02 20:33:30,2022-06-02 20:33:30,42167,37,,0,umb://document/75a70ce524ac4e788f5ae955d66d5121,
64986,9c6d2358-2d88-431a-b8e5-420b25b97ca1,umb://document/9c6d23582d88431ab8e5420b25b97ca1,2e5d311e35884808967586c2bd6cf701,statsEntry,true,true,2022-06-02 18:38:14,2022-06-02 18:38:14,42167,36,,1,umb://document/d39770934c4243f3897cc87e7429a8b2,
63949,8bd06b39-ee19-4f34-a0f8-e8d9782d35ff,umb://document/8bd06b39ee194f34a0f8e8d9782d35ff,d325091a55ae4815b4fce21e916e677d,statsEntry,true,true,2022-04-29 00:30:31,2022-04-29 00:30:31,42167,35,,0,umb://document/75a70ce524ac4e788f5ae955d66d5121,
63388,ccdf947a-43da-4382-bf0d-023261922d97,umb://document/ccdf947a43da4382bf0d023261922d97,572862cb70884ac79a14916350ed313f,statsEntry,true,true,2022-04-09 22:48:59,2022-04-09 22:48:59,42167,34,,1,umb://document/84b206d69a764360a873a2b9a5a71565,
63387,15468922-1df2-417d-8789-0c5aaf8b02f0,umb://document/154689221df2417d87890c5aaf8b02f0,1c411f6d2d0c488b99109c0bd1f1159a,statsEntry,true,true,2022-04-09 22:42:31,2022-04-09 22:42:31,42167,33,,1,umb://document/84b206d69a764360a873a2b9a5a71565,
63201,bbe37d03-d89c-4bad-b353-830865114470,umb://document/bbe37d03d89c4badb353830865114470,70071ad7e38248b6a6c8c8b41ae1f227,statsEntry,true,true,2022-04-02 08:50:37,2022-04-02 08:50:37,42167,32,,1,umb://document/75a70ce524ac4e788f5ae955d66d5121,
63200,d592981b-97f5-4b6f-b0fd-d9e4eea8ed2a,umb://document/d592981b97f54b6fb0fdd9e4eea8ed2a,c549d23e2f774addb7db96552005cf61,statsEntry,true,true,2022-04-02 07:33:51,2022-04-02 07:33:51,42167,31,,1,umb://document/75a70ce524ac4e788f5ae955d66d5121,
63194,78ea41f0-0f95-492a-9824-de50b01db990,umb://document/78ea41f00f95492a9824de50b01db990,92b8d79dfd3e4702a3b61a3cf34de11c,statsEntry,true,true,2022-04-01 23:47:13,2022-04-01 23:47:13,42167,30,,1,umb://document/84b206d69a764360a873a2b9a5a71565,
62728,99653f7f-69ef-4d17-b68d-f96ee9b8c2df,umb://document/99653f7f69ef4d17b68df96ee9b8c2df,ecc7d3469e374fe7b420f65f0f0fc614,statsEntry,true,true,2022-03-19 18:24:12,2022-03-19 18:24:12,42167,29,,0,umb://document/75a70ce524ac4e788f5ae955d66d5121,
57109,1156a08f-e410-479d-bf54-c71674d3dc49,umb://document/1156a08fe410479dbf54c71674d3dc49,4809a90e01cf4975ad30569b8eb0c449,statsEntry,true,true,2022-01-22 19:38:09,2022-01-22 19:38:09,42167,28,,1,umb://document/84b206d69a764360a873a2b9a5a71565,
57108,de92b3b3-0b25-4db8-8206-b67795bd91aa,umb://document/de92b3b30b254db88206b67795bd91aa,94603814c4d54c70b2faed27cdc847a2,statsEntry,true,true,2022-01-22 19:37:48,2022-01-22 19:37:48,42167,27,,1,umb://document/84b206d69a764360a873a2b9a5a71565,
57107,712caeb5-cf6a-4597-9948-d04f31c5252a,umb://document/712caeb5cf6a45979948d04f31c5252a,49a5d8880a5d4608933a946a2b625408,statsEntry,true,true,2022-01-22 19:37:37,2022-01-22 19:37:37,42167,26,,1,umb://document/84b206d69a764360a873a2b9a5a71565,
51083,7127dd1e-ff0d-4ada-b18f-d19069509f08,umb://document/7127dd1eff0d4adab18fd19069509f08,a5ab9c073e21453a9bad661446b50178,statsEntry,true,true,2021-10-27 20:04:10,2021-10-27 20:04:10,42167,25,,0,umb://document/84b206d69a764360a873a2b9a5a71565,
50973,3abfa50a-1c87-4117-b602-54d94dc3183a,umb://document/3abfa50a1c874117b60254d94dc3183a,2d6bfb340bad43808f09852d7ffa0426,statsEntry,true,true,2021-10-23 20:44:45,2021-10-23 20:44:45,42167,24,,0,umb://document/75a70ce524ac4e788f5ae955d66d5121,
50539,140a4c12-c53c-47b8-b584-c1d5f89a0205,umb://document/140a4c12c53c47b8b584c1d5f89a0205,5b9b193f919e4a7dbf70873a5e0cbbeb,statsEntry,true,true,2021-10-03 14:36:13,2021-10-03 14:36:13,42167,23,,0,umb://document/84b206d69a764360a873a2b9a5a71565,
50140,ccb98cf6-7816-4a7b-9107-8f178be601bb,umb://document/ccb98cf678164a7b91078f178be601bb,90eee254ae2c44c48ce5513096769475,statsEntry,true,true,2021-09-18 17:59:24,2021-09-18 17:59:24,42167,22,,1,umb://document/84b206d69a764360a873a2b9a5a71565,
49436,5b9f95d8-5db2-4576-8a6d-a7fc2bfe097d,umb://document/5b9f95d85db245768a6da7fc2bfe097d,20132735f21c4b038ac823b560513882,statsEntry,true,true,2021-08-21 14:00:53,2021-08-21 14:00:53,42167,21,,1,umb://document/84b206d69a764360a873a2b9a5a71565,
49289,1fa5e76b-441e-453b-8e1e-05670d6492f0,umb://document/1fa5e76b441e453b8e1e05670d6492f0,0fda1475bc1343aa8fb9ab5fa0c89720,statsEntry,true,true,2021-08-16 15:40:24,2021-08-16 15:40:24,42167,20,,0,umb://document/d39770934c4243f3897cc87e7429a8b2,
47805,77ad765d-039d-4e04-9833-1947f74c5a64,umb://document/77ad765d039d4e0498331947f74c5a64,3ea7a100a0f64ccdb0e97e3a08687772,statsEntry,true,true,2021-06-28 21:21:38,2021-06-28 21:21:38,42167,19,,0,umb://document/84b206d69a764360a873a2b9a5a71565,
47454,cfdccaed-3d8e-497e-b799-59cb60322708,umb://document/cfdccaed3d8e497eb79959cb60322708,2ff4eb016c9e4c8a812b4e8f1aa995dc,statsEntry,true,true,2021-06-19 17:51:27,2021-06-19 17:51:27,42167,18,,0,umb://document/75a70ce524ac4e788f5ae955d66d5121,
47235,dbe02f63-d650-45ef-a193-d284d0d37f90,umb://document/dbe02f63d65045efa193d284d0d37f90,e185eac9c1994f60aaec931365c62db6,statsEntry,true,true,2021-06-13 21:18:15,2021-06-13 21:18:15,42167,17,,0,umb://document/d39770934c4243f3897cc87e7429a8b2,
47234,2df375a0-13d3-495c-8688-798f8f42c5a0,umb://document/2df375a013d3495c8688798f8f42c5a0,83ada1ed26d84722868793bffbd52ff2,statsEntry,true,true,2021-06-13 21:18:08,2021-06-13 21:18:08,42167,16,,0,umb://document/9a3617b1d91f412cac888c2c1634b78f,
47233,d4e185a4-61d7-4f9b-ab3b-6b83e2e4183a,umb://document/d4e185a461d74f9bab3b6b83e2e4183a,6ed49c1bec8f4470befe0b38da07a6ea,statsEntry,true,true,2021-06-13 21:12:53,2021-06-13 21:12:53,42167,15,,0,umb://document/84b206d69a764360a873a2b9a5a71565,
47232,b756a846-6398-48ea-8ec8-d6b2011373bd,umb://document/b756a846639848ea8ec8d6b2011373bd,c961750ee2da4d5c996e4b82c128da7a,statsEntry,true,true,2021-06-13 21:08:38,2021-06-13 21:08:38,42167,14,,0,umb://document/75a70ce524ac4e788f5ae955d66d5121,
47231,26980bc5-d3b6-4317-9abd-1fad4e9dc39f,umb://document/26980bc5d3b643179abd1fad4e9dc39f,6bdc5e8dada645be8248c214fe56af9f,statsEntry,true,true,2021-06-13 21:08:36,2021-06-13 21:08:36,42167,13,,0,umb://document/75a70ce524ac4e788f5ae955d66d5121,
47230,0defc8e4-90bf-42ac-9a64-ae8f866bfa58,umb://document/0defc8e490bf42ac9a64ae8f866bfa58,ff627fdb4e7d49feada79c6272ef67b6,statsEntry,true,true,2021-06-13 21:08:35,2021-06-13 21:08:35,42167,12,,0,umb://document/1640d68b0aa7448ba8ec6ba564e13a62,
46972,7b82959d-19f0-4155-880a-0b8b2f115683,umb://document/7b82959d19f04155880a0b8b2f115683,b2d0468810f0479b817c9aa41279f2fb,statsEntry,true,true,2021-06-08 01:46:50,2021-06-08 01:46:50,42167,11,,1,umb://document/75a70ce524ac4e788f5ae955d66d5121,
46900,e5ef4e12-0638-45a7-9cff-ec475642c48a,umb://document/e5ef4e12063845a79cffec475642c48a,2cb6a67235bd4598874f69513b1dd0c7,statsEntry,true,true,2021-06-07 02:45:39,2021-06-07 02:45:39,42167,10,,1,umb://document/75a70ce524ac4e788f5ae955d66d5121,
46899,9517c49c-f761-4674-b9f5-fc4451fce857,umb://document/9517c49cf7614674b9f5fc4451fce857,4312d4e6b7284900ba99747a14906c9b,statsEntry,true,true,2021-06-07 02:45:08,2021-06-07 02:45:08,42167,9,,1,umb://document/75a70ce524ac4e788f5ae955d66d5121,
46898,3990e2dc-14c1-4454-bf51-de47f372243a,umb://document/3990e2dc14c14454bf51de47f372243a,31fbded31501475fbef4fb4c28d5cb3b,statsEntry,true,true,2021-06-07 00:36:53,2021-06-07 00:36:53,42167,8,,1,umb://document/75a70ce524ac4e788f5ae955d66d5121,
46857,49967875-2465-41c5-9c2c-cb4906759844,umb://document/49967875246541c59c2ccb4906759844,1c6d49a0d71c47ebb7a9969b80ea0abc,statsEntry,true,true,2021-06-05 12:17:13,2021-06-05 12:17:13,42167,7,,0,umb://document/d39770934c4243f3897cc87e7429a8b2,
46856,b99c2f8f-3c3a-42e2-8972-e968d52b308b,umb://document/b99c2f8f3c3a42e28972e968d52b308b,b4d92a3dbcb847d186055d763b848174,statsEntry,true,true,2021-06-05 12:08:09,2021-06-05 12:08:09,42167,6,,0,umb://document/9a3617b1d91f412cac888c2c1634b78f,
46854,0877377e-8490-4699-a956-55a2b8aa1d44,umb://document/0877377e84904699a95655a2b8aa1d44,852486cc3385460cbbbed6435eac489e,statsEntry,true,true,2021-06-05 11:58:53,2021-06-05 11:58:53,42167,5,,0,umb://document/84b206d69a764360a873a2b9a5a71565,
46849,04deb281-3ba2-4a36-9a09-390bf70f1779,umb://document/04deb2813ba24a369a09390bf70f1779,409924d1737a4371bfd98fa1d9b80728,statsEntry,true,true,2021-06-05 11:56:04,2021-06-05 11:56:04,42167,4,,0,umb://document/75a70ce524ac4e788f5ae955d66d5121,
46843,506b17ec-e369-49f4-8bf7-65d346348a7e,umb://document/506b17ece36949f48bf765d346348a7e,3c4e8a0208134e70a66c474b8379604d,statsEntry,true,true,2021-06-05 11:40:14,2021-06-05 11:40:14,42167,3,,0,umb://document/75a70ce524ac4e788f5ae955d66d5121,
46842,d8e3e68f-9865-40a9-a422-6c908de19bd6,umb://document/d8e3e68f986540a9a4226c908de19bd6,e5b792d5e03b4cb08077b9806b7bff3e,statsEntry,true,true,2021-06-05 11:29:15,2021-06-05 11:29:15,42167,2,,0,umb://document/1640d68b0aa7448ba8ec6ba564e13a62,
46057,26af7c14-d644-4944-98ce-80be192c080a,umb://document/26af7c14d644494498ce80be192c080a,844dc76854b9400f894dbb451e08fb1e,statsEntry,true,true,2021-05-23 00:15:21,2021-05-23 00:15:21,42167,1,,1,umb://document/75a70ce524ac4e788f5ae955d66d5121,
46056,9bba8c78-47be-49b2-8e15-af85fecf8ee9,umb://document/9bba8c7847be49b28e15af85fecf8ee9,9b8e50a4e43c4d8f8e943c151197f820,statsEntry,true,true,2021-05-22 22:17:14,2021-05-22 22:17:14,42167,0,,1,umb://document/75a70ce524ac4e788f5ae955d66d5121,
