id,key,udi,name,contentTypeAlias,published,hasPublishedVersion,createDate,updateDate,parentId,sortOrder,urls,orderID,title,access,badge,code,description,expandedDescription,hidden,hideDownload,hidePlay,length,metaDescription,metaTitle,openWebContentFromList,openWebContentInNewWindows,production,productionLink,productLink,purchasePrice,rawFile,rentalPrice,siteMapOption,tags,thumbnail,trailer,type,videoDownloadURL,videoID,videoSize,videoStatus,videoThumbnailURL,webContentURL,year
51172,9e91689a-48c0-441a-98e7-8534a5fe8984,umb://document/9e91689a48c0441a98e78534a5fe8984, Begynderkursus - Lær at investere i kryptovaluta,media,true,true,2021-11-02 09:13:38,2021-11-02 09:30:50,42887,2,/kryptovaluta-for-kvinder/begynder-kursuset-laer-at-handle-med-kryptovaluta-paa-5-dage-kom-i-gang-med-at-investere-og-flerdobler-dit-afkast/begynderkursus-laer-at-investere-i-kryptovaluta/,1, Begynderkursus - Lær at investere i kryptovaluta,58,,,"Kom i gang med at investere og flerdobbelt dit afkast 🤩🚀

Kurset strækker sig over uge 46 og 47. Der bliver afholdt live spørgerunde følgende dage: 15/11, 22/11 og d. 25/11 kl 20. 
Prisen er kun 295 kr. 

Kurset er både for kvinder som allerede investerer i kryptovaluta eller som overvejer at begynde. Det egner sig rigtigt godt for nybegynder, og alle kan være med, uanset niveau. 

Få viden og værktøjer til at invester i Kryptovaluta, så du kan leve af din investering, gå tidligt på pension eller bare købe en ekstra flaske rødvin i måneden - du bestemmer selv hvad din ambition er! 🍷💋

Køb begynder kurset - Lær at handle med kryptovaluta på 5 dage!",,0,0,0,0,,,0,0,,,,295,/media/3718/kursus-velkomst.pdf,,,,/media/3719/frontbillede-kryptovaluta.jpg,,75,,,,,,,0
